[
  {
    "pk": 1,
    "model": "popit.personname",
    "fields": {
      "updated": "2012-06-05T08:33:12.621Z",
      "name": "\u10d0\u10d1\u10e3\u10da\u10d0\u10e8\u10d5\u10d8\u10da\u10d8 \u10dc\u10e3\u10d2\u10d6\u10d0\u10e0\u10d8",
      "name_en": "\u10d0\u10d1\u10e3\u10da\u10d0\u10e8\u10d5\u10d8\u10da\u10d8 \u10dc\u10e3\u10d2\u10d6\u10d0\u10e0\u10d8",
      "name_ka": "\u10d0\u10d1\u10e3\u10da\u10d0\u10e8\u10d5\u10d8\u10da\u10d8 \u10dc\u10e3\u10d2\u10d6\u10d0\u10e0\u10d8",
      "end_date": null,
      "title": "",
      "created": "2012-06-05T08:33:12.621Z",
      "person": 1,
      "main": true,
      "start_date": null
    }
  },
  {
    "pk": 2,
    "model": "popit.personname",
    "fields": {
      "updated": "2012-06-05T08:33:12.896Z",
      "name": "\u10d0\u10da\u10d0\u10d5\u10d8\u10eb\u10d4 \u10d0\u10dc\u10d3\u10e0\u10dd",
      "name_en": "\u10d0\u10da\u10d0\u10d5\u10d8\u10eb\u10d4 \u10d0\u10dc\u10d3\u10e0\u10dd",
      "name_ka": "\u10d0\u10da\u10d0\u10d5\u10d8\u10eb\u10d4 \u10d0\u10dc\u10d3\u10e0\u10dd",
      "end_date": null,
      "title": "",
      "created": "2012-06-05T08:33:12.896Z",
      "person": 2,
      "main": true,
      "start_date": null
    }
  },
  {
    "pk": 3,
    "model": "popit.personname",
    "fields": {
      "updated": "2012-06-05T08:33:13.184Z",
      "name": "\u10d0\u10dc\u10d8\u10d9\u10d0\u10e8\u10d5\u10d8\u10da\u10d8 \u10db\u10d0\u10d2\u10d3\u10d0\u10da\u10d8\u10dc\u10d0",
      "name_en": "\u10d0\u10dc\u10d8\u10d9\u10d0\u10e8\u10d5\u10d8\u10da\u10d8 \u10db\u10d0\u10d2\u10d3\u10d0\u10da\u10d8\u10dc\u10d0",
      "name_ka": "\u10d0\u10dc\u10d8\u10d9\u10d0\u10e8\u10d5\u10d8\u10da\u10d8 \u10db\u10d0\u10d2\u10d3\u10d0\u10da\u10d8\u10dc\u10d0",
      "end_date": null,
      "title": "",
      "created": "2012-06-05T08:33:13.184Z",
      "person": 3,
      "main": true,
      "start_date": null
    }
  },
  {
    "pk": 4,
    "model": "popit.personname",
    "fields": {
      "updated": "2012-06-05T08:33:13.421Z",
      "name": "\u10d0\u10dc\u10ef\u10d0\u10e4\u10d0\u10e0\u10d8\u10eb\u10d4 \u10d9\u10d0\u10ee\u10d0\u10d1\u10d4\u10e0\u10d8",
      "name_en": "\u10d0\u10dc\u10ef\u10d0\u10e4\u10d0\u10e0\u10d8\u10eb\u10d4 \u10d9\u10d0\u10ee\u10d0\u10d1\u10d4\u10e0\u10d8",
      "name_ka": "\u10d0\u10dc\u10ef\u10d0\u10e4\u10d0\u10e0\u10d8\u10eb\u10d4 \u10d9\u10d0\u10ee\u10d0\u10d1\u10d4\u10e0\u10d8",
      "end_date": null,
      "title": "",
      "created": "2012-06-05T08:33:13.421Z",
      "person": 4,
      "main": true,
      "start_date": null
    }
  },
  {
    "pk": 5,
    "model": "popit.personname",
    "fields": {
      "updated": "2012-06-05T08:33:13.663Z",
      "name": "\u10d0\u10e1\u10d0\u10dc\u10d8\u10eb\u10d4 \u10d2\u10d8\u10dd\u10e0\u10d2\u10d8",
      "name_en": "\u10d0\u10e1\u10d0\u10dc\u10d8\u10eb\u10d4 \u10d2\u10d8\u10dd\u10e0\u10d2\u10d8",
      "name_ka": "\u10d0\u10e1\u10d0\u10dc\u10d8\u10eb\u10d4 \u10d2\u10d8\u10dd\u10e0\u10d2\u10d8",
      "end_date": null,
      "title": "",
      "created": "2012-06-05T08:33:13.663Z",
      "person": 5,
      "main": true,
      "start_date": null
    }
  },
  {
    "pk": 6,
    "model": "popit.personname",
    "fields": {
      "updated": "2012-06-05T08:33:13.841Z",
      "name": "\u10d0\u10ee\u10d5\u10da\u10d4\u10d3\u10d8\u10d0\u10dc\u10d8 \u10d2\u10d8\u10dd\u10e0\u10d2\u10d8",
      "name_en": "\u10d0\u10ee\u10d5\u10da\u10d4\u10d3\u10d8\u10d0\u10dc\u10d8 \u10d2\u10d8\u10dd\u10e0\u10d2\u10d8",
      "name_ka": "\u10d0\u10ee\u10d5\u10da\u10d4\u10d3\u10d8\u10d0\u10dc\u10d8 \u10d2\u10d8\u10dd\u10e0\u10d2\u10d8",
      "end_date": null,
      "title": "",
      "created": "2012-06-05T08:33:13.841Z",
      "person": 6,
      "main": true,
      "start_date": null
    }
  },
  {
    "pk": 7,
    "model": "popit.personname",
    "fields": {
      "updated": "2012-06-05T08:33:14.122Z",
      "name": "\u10d1\u10d0\u10d3\u10d0\u10d2\u10d0\u10eb\u10d4 \u10d9\u10dd\u10d1\u10d0",
      "name_en": "\u10d1\u10d0\u10d3\u10d0\u10d2\u10d0\u10eb\u10d4 \u10d9\u10dd\u10d1\u10d0",
      "name_ka": "\u10d1\u10d0\u10d3\u10d0\u10d2\u10d0\u10eb\u10d4 \u10d9\u10dd\u10d1\u10d0",
      "end_date": null,
      "title": "",
      "created": "2012-06-05T08:33:14.122Z",
      "person": 7,
      "main": true,
      "start_date": null
    }
  },
  {
    "pk": 8,
    "model": "popit.personname",
    "fields": {
      "updated": "2012-06-05T08:33:14.380Z",
      "name": "\u10d1\u10d0\u10d8\u10d0\u10dc\u10d3\u10e3\u10e0\u10d8\u10d0\u10dc\u10d8 \u10d0\u10e0\u10db\u10d4\u10dc\u10d0\u10d9\u10d8",
      "name_en": "\u10d1\u10d0\u10d8\u10d0\u10dc\u10d3\u10e3\u10e0\u10d8\u10d0\u10dc\u10d8 \u10d0\u10e0\u10db\u10d4\u10dc\u10d0\u10d9\u10d8",
      "name_ka": "\u10d1\u10d0\u10d8\u10d0\u10dc\u10d3\u10e3\u10e0\u10d8\u10d0\u10dc\u10d8 \u10d0\u10e0\u10db\u10d4\u10dc\u10d0\u10d9\u10d8",
      "end_date": null,
      "title": "",
      "created": "2012-06-05T08:33:14.380Z",
      "person": 8,
      "main": true,
      "start_date": null
    }
  },
  {
    "pk": 9,
    "model": "popit.personname",
    "fields": {
      "updated": "2012-06-05T08:33:14.631Z",
      "name": "\u10d1\u10d0\u10d8\u10e0\u10d0\u10db\u10dd\u10d5\u10d8 \u10e0\u10d0\u10db\u10d8\u10dc\u10d8",
      "name_en": "\u10d1\u10d0\u10d8\u10e0\u10d0\u10db\u10dd\u10d5\u10d8 \u10e0\u10d0\u10db\u10d8\u10dc\u10d8",
      "name_ka": "\u10d1\u10d0\u10d8\u10e0\u10d0\u10db\u10dd\u10d5\u10d8 \u10e0\u10d0\u10db\u10d8\u10dc\u10d8",
      "end_date": null,
      "title": "",
      "created": "2012-06-05T08:33:14.631Z",
      "person": 9,
      "main": true,
      "start_date": null
    }
  },
  {
    "pk": 13,
    "model": "popit.personname",
    "fields": {
      "updated": "2012-06-05T08:33:14.631Z",
      "name": "Foo Bar",
      "name_en": "Foo Bar",
      "name_ka": "ფოო ბარ",
      "end_date": null,
      "title": "",
      "created": "2012-06-05T08:33:14.631Z",
      "person": 13,
      "main": true,
      "start_date": null
    }
  },
  {
    "pk": 1,
    "model": "popit.person",
    "fields": {
      "updated": "2012-06-05T09:42:28.340Z",
      "description": "\u10e4\u10e0\u10d0\u10e5\u10ea\u10d8\u10d0 \"\u10d4\u10e0\u10d7\u10d8\u10d0\u10dc\u10d8 \u10dc\u10d0\u10ea\u10d8\u10dd\u10dc\u10d0\u10da\u10e3\u10e0\u10d8 \u10db\u10dd\u10eb\u10e0\u10d0\u10dd\u10d1\u10d0\"\u2013\u10e1 \u10ec\u10d4\u10d5\u10e0\u10d8 \u10d0\u10d2\u10e0\u10d0\u10e0\u10e3\u10da \u10e1\u10d0\u10d9\u10d8\u10d7\u10ee\u10d7\u10d0 \u10d9\u10dd\u10db\u10d8\u10e2\u10d4\u10e2\u10d8\u10e1 \u10ec\u10d4\u10d5\u10e0\u10d8",
      "created": "2012-06-05T08:33:12.434Z",
      "date_of_death": null,
      "date_of_birth": "1973-09-13",
      "slug": "abulashvili-nugzari"
    }
  },
  {
    "pk": 6,
    "model": "popit.person",
    "fields": {
      "updated": "2012-06-05T09:42:28.796Z",
      "description": "\u10e4\u10e0\u10d0\u10e5\u10ea\u10d8\u10d0 \"\u10e5\u10e0\u10d8\u10e1\u10e2\u10d8\u10d0\u10dc\u2013\u10d3\u10d4\u10db\u10dd\u10d9\u10e0\u10d0\u10e2\u10d4\u10d1\u10d8\"\u2013\u10e1 \u10d7\u10d0\u10d5\u10db\u10ef\u10d3\u10dd\u10db\u10d0\u10e0\u10d4; \u10d3\u10d8\u10d0\u10e1\u10de\u10dd\u10e0\u10d8\u10e1\u10d0 \u10d3\u10d0 \u10d9\u10d0\u10d5\u10d9\u10d0\u10e1\u10d8\u10d8\u10e1 \u10e1\u10d0\u10d9\u10d8\u10d7\u10ee\u10d7\u10d0 \u10d9\u10dd\u10db\u10d8\u10e2\u10d4\u10e2\u10d8\u10e1 \u10ec\u10d4\u10d5\u10e0\u10d8",
      "created": "2012-06-05T08:33:13.830Z",
      "date_of_death": null,
      "date_of_birth": "1974-01-07",
      "slug": "akhvlediani-giorgi"
    }
  },
  {
    "pk": 2,
    "model": "popit.person",
    "fields": {
      "updated": "2012-06-05T09:42:29.077Z",
      "description": "\u10e4\u10e0\u10d0\u10e5\u10ea\u10d8\u10d0 \"\u10d4\u10e0\u10d7\u10d8\u10d0\u10dc\u10d8 \u10dc\u10d0\u10ea\u10d8\u10dd\u10dc\u10d0\u10da\u10e3\u10e0\u10d8 \u10db\u10dd\u10eb\u10e0\u10d0\u10dd\u10d1\u10d0\"\u2013\u10e1 \u10ec\u10d4\u10d5\u10e0\u10d8 \u10e1\u10d0\u10e4\u10d8\u10dc\u10d0\u10dc\u10e1\u10dd \u2013  \u10e1\u10d0\u10d1\u10d8\u10e3\u10ef\u10d4\u10e2\u10dd \u10d9\u10dd\u10db\u10d8\u10e2\u10d4\u10e2\u10d8\u10e1 \u10ec\u10d4\u10d5\u10e0\u10d8 \u10d8\u10e3\u10e0\u10d8\u10d3\u10d8\u10e3\u10da \u10e1\u10d0\u10d9\u10d8\u10d7\u10ee\u10d7\u10d0 \u10d9\u10dd\u10db\u10d8\u10e2\u10d4\u10e2\u10d8\u10e1 \u10ec\u10d4\u10d5\u10e0\u10d8 \u10e1\u10d0\u10e5\u10d0\u10e0\u10d7\u10d5\u10d4\u10da\u10dd\u10e1 \u10d9\u10dd\u10dc\u10e2\u10e0\u10dd\u10da\u10d8\u10e1 \u10de\u10d0\u10da\u10d0\u10e2\u10d8\u10e1 2011 \u10ec\u10da\u10d8\u10e1 \u10e1\u10d0\u10e4\u10d8\u10dc\u10d0\u10dc\u10e1\u10dd\u2013\u10d4\u10d9\u10dd\u10dc\u10dd\u10db\u10d8\u10d9\u10e3\u10e0\u10d8 \u10e1\u10d0\u10e5\u10db\u10d8\u10d0\u10dc\u10dd\u10d1\u10d8\u10e1 \u10d0\u10e3\u10d3\u10d8\u10e2\u10d8\u10e1 \u10d2\u10d0\u10dc\u10db\u10d0\u10ee\u10dd\u10e0\u10ea\u10d8\u10d4\u10da\u10d4\u10d1\u10d4\u10da\u10d8 \u10e1\u10d0\u10e5\u10d0\u10e0\u10d7\u10d5\u10d4\u10da\u10dd\u10e1 \u10de\u10d0\u10e0\u10da\u10d0\u10db\u10d4\u10dc\u10e2\u10d8\u10e1 \u10d3\u10e0\u10dd\u10d4\u10d1\u10d8\u10d7\u10d8 \u10d9\u10dd\u10db\u10d8\u10e1\u10d8\u10d8\u10e1 \u10ec\u10d4\u10d5\u10e0\u10d8",
      "created": "2012-06-05T08:33:12.874Z",
      "date_of_death": null,
      "date_of_birth": "1983-02-08",
      "slug": "alavidze-andro"
    }
  },
  {
    "pk": 3,
    "model": "popit.person",
    "fields": {
      "updated": "2012-06-05T10:59:42.734Z",
      "description": "\u10e4\u10e0\u10d0\u10e5\u10ea\u10d8\u10d0 \"\u10e5\u10e0\u10d8\u10e1\u10e2\u10d8\u10d0\u10dc\u2013\u10d3\u10d4\u10db\u10dd\u10d9\u10e0\u10d0\u10e2\u10d4\u10d1\u10d8\"\u2013\u10e1 \u10db\u10d3\u10d8\u10d5\u10d0\u10dc\u10d8;\r\n\u10ef\u10d0\u10dc\u10db\u10e0\u10d7\u10d4\u10da\u10dd\u10d1\u10d8\u10e1 \u10d3\u10d0\u10ea\u10d5\u10d8\u10e1\u10d0 \u10d3\u10d0 \u10e1\u10dd\u10ea\u10d8\u10d0\u10da\u10e3\u10e0 \u10e1\u10d0\u10d9\u10d8\u10d7\u10ee\u10d7\u10d0 \u10d9\u10dd\u10db\u10d8\u10e2\u10d4\u10e2\u10d8\u10e1 \u10d7\u10d0\u10d5\u10db\u10ef\u10d3\u10dd\u10db\u10d0\u10e0\u10d8\u10e1 \u10db\u10dd\u10d0\u10d3\u10d2\u10d8\u10da\u10d4;\r\n\u10e1\u10d0\u10de\u10e0\u10dd\u10ea\u10d4\u10d3\u10e3\u10e0\u10dd \u10e1\u10d0\u10d9\u10d8\u10d7\u10ee\u10d7\u10d0 \u10d3\u10d0 \u10ec\u10d4\u10e1\u10d4\u10d1\u10d8\u10e1 \u10d9\u10dd\u10db\u10d8\u10e2\u10d4\u10e2\u10d8\u10e1 \u10ec\u10d4\u10d5\u10e0\u10d8;\r\n\u10e1\u10d0\u10de\u10d0\u10e0\u10da\u10d0\u10db\u10d4\u10dc\u10e2\u10dd \u10e3\u10db\u10ea\u10d8\u10e0\u10d4\u10e1\u10dd\u10d1\u10d8\u10e1 \u10db\u10d3\u10d8\u10d5\u10d0\u10dc\u10d8",
      "created": "2012-06-05T08:33:13.162Z",
      "date_of_death": null,
      "date_of_birth": "1981-10-24",
      "slug": "anikashvili-magdalina"
    }
  },
  {
    "pk": 4,
    "model": "popit.person",
    "fields": {
      "updated": "2012-06-05T09:42:29.817Z",
      "description": "\u10e4\u10e0\u10d0\u10e5\u10ea\u10d8\u10d0 \"\u10d4\u10e0\u10d7\u10d8\u10d0\u10dc\u10d8 \u10dc\u10d0\u10ea\u10d8\u10dd\u10dc\u10d0\u10da\u10e3\u10e0\u10d8 \u10db\u10dd\u10eb\u10e0\u10d0\u10dd\u10d1\u10d0\"\u2013\u10e1 \u10ec\u10d4\u10d5\u10e0\u10d8; \u10e1\u10d0\u10de\u10e0\u10dd\u10ea\u10d4\u10d3\u10e3\u10e0\u10dd \u10e1\u10d0\u10d9\u10d8\u10d7\u10ee\u10d7\u10d0 \u10d3\u10d0 \u10ec\u10d4\u10e1\u10d4\u10d1\u10d8\u10e1 \u10d9\u10dd\u10db\u10d8\u10e2\u10d4\u10e2\u10d8\u10e1 \u10ec\u10d4\u10d5\u10e0\u10d8; \u10d8\u10e3\u10e0\u10d8\u10d3\u10d8\u10e3\u10da \u10e1\u10d0\u10d9\u10d8\u10d7\u10ee\u10d7\u10d0 \u10d9\u10dd\u10db\u10d8\u10e2\u10d4\u10e2\u10d8\u10e1 \u10d7\u10d0\u10d5\u10db\u10ef\u10d3\u10dd\u10db\u10d0\u10e0\u10d8\u10e1 \u10db\u10dd\u10d0\u10d3\u10d2\u10d8\u10da\u10d4",
      "created": "2012-06-05T08:33:13.406Z",
      "date_of_death": null,
      "date_of_birth": "1976-04-09",
      "slug": "anjaparidze-kakhaberi"
    }
  },
  {
    "pk": 5,
    "model": "popit.person",
    "fields": {
      "updated": "2012-06-05T09:42:30.067Z",
      "description": "\u10e4\u10e0\u10d0\u10e5\u10ea\u10d8\u10d0 \"\u10e1\u10d0\u10e5\u10d0\u10e0\u10d7\u10d5\u10d4\u10da\u10dd\u10e1 \u10e0\u10d4\u10d2\u10d8\u10dd\u10dc\u10d4\u10d1\u10d8 \u2013 \u10db\u10d0\u10df\u10dd\u10e0\u10d8\u10e2\u10d0\u10e0\u10d4\u10d1\u10d8\"\u2013\u10e1 \u10ec\u10d4\u10d5\u10e0\u10d8;\n\u10e1\u10de\u10dd\u10e0\u10e2\u10d8\u10e1\u10d0 \u10d3\u10d0 \u10d0\u10ee\u10d0\u10da\u10d2\u10d0\u10d6\u10e0\u10d3\u10e3\u10da \u10e1\u10d0\u10e5\u10db\u10d4\u10d7\u10d0 \u10d9\u10dd\u10db\u10d8\u10e2\u10d4\u10e2\u10d8\u10e1 \u10d7\u10d0\u10d5\u10db\u10ef\u10d3\u10dd\u10db\u10d0\u10e0\u10d4",
      "created": "2012-06-05T08:33:13.651Z",
      "date_of_death": null,
      "date_of_birth": "1975-08-30",
      "slug": "asanidze-giorgi"
    }
  },
  {
    "pk": 7,
    "model": "popit.person",
    "fields": {
      "updated": "2012-06-05T09:42:30.324Z",
      "description": "\u10e4\u10e0\u10d0\u10e5\u10ea\u10d8\u10d0 \"\u10d4\u10e0\u10d7\u10d8\u10d0\u10dc\u10d8 \u10dc\u10d0\u10ea\u10d8\u10dd\u10dc\u10d0\u10da\u10e3\u10e0\u10d8 \u10db\u10dd\u10eb\u10e0\u10d0\u10dd\u10d1\u10d0\"\u2013\u10e1 \u10ec\u10d4\u10d5\u10e0\u10d8;\u10d7\u10d0\u10d5\u10d3\u10d0\u10ea\u10d5\u10d8\u10e1\u10d0 \u10d3\u10d0 \u10e3\u10e8\u10d8\u10e8\u10e0\u10dd\u10d4\u10d1\u10d8\u10e1 \u10d9\u10dd\u10db\u10d8\u10e2\u10d4\u10e2\u10d8\u10e1 \u10ec\u10d4\u10d5\u10e0\u10d8; \u10d3\u10d0\u10e0\u10d2\u10dd\u10d1\u10e0\u10d8\u10d5\u10d8 \u10d4\u10d9\u10dd\u10dc\u10dd\u10db\u10d8\u10d9\u10d8\u10e1 \u10d3\u10d0 \u10d4\u10d9\u10dd\u10dc\u10dd\u10db\u10d8\u10d9\u10e3\u10e0\u10d8 \u10de\u10dd\u10da\u10d8\u10e2\u10d8\u10d9\u10d8\u10e1 \u10d9\u10dd\u10db\u10d8\u10e2\u10d4\u10e2\u10d8\u10e1 \u10ec\u10d4\u10d5\u10e0\u10d8",
      "created": "2012-06-05T08:33:14.101Z",
      "date_of_death": null,
      "date_of_birth": "1969-03-29",
      "slug": "badagadze-koba"
    }
  },
  {
    "pk": 13,
    "model": "popit.person",
    "fields": {
      "updated": "2012-06-05T09:42:30.705Z",
      "description": "\u10e4\u10e0\u10d0\u10e5\u10ea\u10d8\u10d0 \"\u10d4\u10e0\u10d7\u10dd\u10d1\u10d0 \u10e1\u10d0\u10db\u10d0\u10e0\u10d7\u10da\u10d8\u10d0\u10dc\u10dd\u10d1\u10d8\u10e1\u10d7\u10d5\u10d8\u10e1\"\u2013\u10e1 \u10ec\u10d4\u10d5\u10e0\u10d8 \u10ef\u10d0\u10dc\u10db\u10e0\u10d7\u10d4\u10da\u10dd\u10d1\u10d8\u10e1 \u10d3\u10d0\u10ea\u10d5\u10d8\u10e1\u10d0 \u10d3\u10d0 \u10e1\u10dd\u10ea\u10d8\u10d0\u10da\u10e3\u10e0 \u10e1\u10d0\u10d9\u10d8\u10d7\u10ee\u10d7\u10d0 \u10d9\u10dd\u10db\u10d8\u10e2\u10d4\u10e2\u10d8\u10e1 \u10ec\u10d4\u10d5\u10e0\u10d8;\n\u10d8\u10e3\u10e0\u10d8\u10d3\u10d8\u10e3\u10da \u10e1\u10d0\u10d9\u10d8\u10d7\u10ee\u10d7\u10d0 \u10d9\u10dd\u10db\u10d8\u10e2\u10d4\u10e2\u10d8\u10e1 \u10ec\u10d4\u10d5\u10e0\u10d8 \u10d8\u10dc\u10e2\u10d4\u10e0\u10e4\u10e0\u10d0\u10e5\u10ea\u10d8\u10e3\u10da\u10d8 \u10ef\u10d2\u10e3\u10e4\u10d8;  \n\u10e1\u10d0\u10e5\u10d0\u10e0\u10d7\u10d5\u10d4\u10da\u10dd\u10e1 \u10d9\u10dd\u10dc\u10e2\u10e0\u10dd\u10da\u10d8\u10e1 \u10de\u10d0\u10da\u10d0\u10e2\u10d8\u10e1 2011 \u10ec\u10da\u10d8\u10e1 \u10e1\u10d0\u10e4\u10d8\u10dc\u10d0\u10dc\u10e1\u10dd\u2013\u10d4\u10d9\u10dd\u10dc\u10dd\u10db\u10d8\u10d9\u10e3\u10e0\u10d8 \u10e1\u10d0\u10e5\u10db\u10d8\u10d0\u10dc\u10dd\u10d1\u10d8\u10e1 \u10d0\u10e3\u10d3\u10d8\u10e2\u10d8\u10e1 \u10d2\u10d0\u10dc\u10db\u10d0\u10ee\u10dd\u10e0\u10ea\u10d8\u10d4\u10da\u10d4\u10d1\u10d4\u10da\u10d8 \u10e1\u10d0\u10e5\u10d0\u10e0\u10d7\u10d5\u10d4\u10da\u10dd\u10e1 \u10de\u10d0\u10e0\u10da\u10d0\u10db\u10d4\u10dc\u10e2\u10d8\u10e1 \u10d3\u10e0\u10dd\u10d4\u10d1\u10d8\u10d7\u10d8 \u10d9\u10dd\u10db\u10d8\u10e1\u10d8\u10d0",
      "created": "2012-06-05T08:33:15.636Z",
      "date_of_death": null,
      "date_of_birth": "1964-03-30",
      "slug": "baghaturia-jondo"
    }
  },
  {
    "pk": 8,
    "model": "popit.person",
    "fields": {
      "updated": "2012-06-05T09:42:30.954Z",
      "description": "\u10e4\u10e0\u10d0\u10e5\u10ea\u10d8\u10d0 \"\u10d4\u10e0\u10d7\u10d8\u10d0\u10dc\u10d8 \u10dc\u10d0\u10ea\u10d8\u10dd\u10dc\u10d0\u10da\u10e3\u10e0\u10d8 \u10db\u10dd\u10eb\u10e0\u10d0\u10dd\u10d1\u10d0\"\u2013\u10e1 \u10ec\u10d4\u10d5\u10e0\u10d8;\u10d2\u10d0\u10dc\u10d0\u10d7\u10da\u10d4\u10d1\u10d8\u10e1, \u10db\u10d4\u10ea\u10dc\u10d8\u10d4\u10e0\u10d4\u10d1\u10d8\u10e1 \u10d3\u10d0 \u10d9\u10e3\u10da\u10e2\u10e3\u10e0\u10d8\u10e1 \u10d9\u10dd\u10db\u10d8\u10e2\u10d4\u10e2\u10d8\u10e1 \u10ec\u10d4\u10d5\u10e0\u10d8; \u10d0\u10d3\u10d0\u10db\u10d8\u10d0\u10dc\u10d8\u10e1 \u10e3\u10e4\u10da\u10d4\u10d1\u10d0\u10d7\u10d0 \u10d3\u10d0\u10ea\u10d5\u10d8\u10e1 \u10d3\u10d0 \u10e1\u10d0\u10db\u10dd\u10e5\u10d0\u10da\u10d0\u10e5\u10dd \u10d8\u10dc\u10e2\u10d4\u10d2\u10e0\u10d0\u10ea\u10d8\u10d8\u10e1 \u10d9\u10dd\u10db\u10d8\u10e2\u10d4\u10e2\u10d8\u10e1 \u10ec\u10d4\u10d5\u10e0\u10d8",
      "created": "2012-06-05T08:33:14.360Z",
      "date_of_death": null,
      "date_of_birth": "1953-09-12",
      "slug": "baianduriani-armenaki"
    }
  },
  {
    "pk": 9,
    "model": "popit.person",
    "fields": {
      "updated": "2012-06-05T09:42:31.210Z",
      "description": "\u10e4\u10e0\u10d0\u10e5\u10ea\u10d8\u10d0 \"\u10d4\u10e0\u10d7\u10d8\u10d0\u10dc\u10d8 \u10dc\u10d0\u10ea\u10d8\u10dd\u10dc\u10d0\u10da\u10e3\u10e0\u10d8 \u10db\u10dd\u10eb\u10e0\u10d0\u10dd\u10d1\u10d0\"\u2013\u10e1 \u10ec\u10d4\u10d5\u10e0\u10d8; \u10d4\u10d5\u10e0\u10dd\u10de\u10d0\u10e1\u10d7\u10d0\u10dc \u10d8\u10dc\u10e2\u10d4\u10d2\u10e0\u10d0\u10ea\u10d8\u10d8\u10e1 \u10d9\u10dd\u10db\u10d8\u10e2\u10d4\u10e2\u10d8\u10e1 \u10ec\u10d4\u10d5\u10e0\u10d8; \u10d0\u10d3\u10d0\u10db\u10d8\u10d0\u10dc\u10d8\u10e1 \u10e3\u10e4\u10da\u10d4\u10d1\u10d0\u10d7\u10d0 \u10d3\u10d0\u10ea\u10d5\u10d8\u10e1 \u10d3\u10d0 \u10e1\u10d0\u10db\u10dd\u10e5\u10d0\u10da\u10d0\u10e5\u10dd \u10d8\u10dc\u10e2\u10d4\u10d2\u10e0\u10d0\u10ea\u10d8\u10d8\u10e1 \u10d9\u10dd\u10db\u10d8\u10e2\u10d4\u10e2\u10d8\u10e1 \u10ec\u10d4\u10d5\u10e0\u10d8",
      "created": "2012-06-05T08:33:14.604Z",
      "date_of_death": null,
      "date_of_birth": "1977-07-05",
      "slug": "bairamovi-ramini"
    }
  },
  {
    "pk": 1,
    "model": "representative.representative",
    "fields": {
      "salary": 49272.0,
      "other_income": 0,
      "answered": 0.0,
      "faction": "",
      "url": "\u10d5\u10d4\u10d1 \u10d2\u10d5\u10d4\u10e0\u10d3\u10d8: http://sighnaghi.majoritarian.ge/index.php?id=1\u3008=geo",
      "photo": "representatives/mp.jpg",
      "property_assets": "mitsubishi.pajero.io; \u10db\u10d8\u10ec\u10d8\u10e1 \u10dc\u10d0\u10d9\u10d5\u10d4\u10d7\u10d8",
      "is_majoritarian": true,
      "electoral_district": "\u10e1/\u10dd #13 \u10e1\u10d8\u10e6\u10dc\u10d0\u10e6\u10d8",
      "expenses": "\u10d2\u10d0\u10e1\u10d0\u10d5\u10d0\u10da\u10d8 1800.0 USD; \u10d2\u10d0\u10e1\u10d0\u10d5\u10d0\u10da\u10d8 3200.0 GEL; \u10e8\u10d4\u10db\u10dd\u10e1\u10d0\u10d5\u10d0\u10da\u10d8 8000.0 USD; \u10d2\u10d0\u10e1\u10d0\u10d5\u10d0\u10da\u10d8 5000.0 USD",
      "family_status": "\u10d3\u10d0\u10dd\u10ef\u10d0\u10ee\u10d4\u10d1\u10e3\u10da\u10d8",
      "elected": "2008 \u10ec.\u10d8\u10d5\u10dc\u10d8\u10e1\u10d8",
      "committee": "",
      "contact_address_phone": "\u10db\u10d8\u10e1\u10d0\u10db\u10d0\u10e0\u10d7\u10d8: \u10e1\u10d0\u10e5\u10d0\u10e0\u10d7\u10d5\u10d4\u10da\u10dd, \u10d7\u10d1\u10d8\u10da\u10d8\u10e1\u10d8, 0118, \u10e0\u10e3\u10e1\u10d7\u10d0\u10d5\u10d4\u10da\u10d8\u10e1 \u10d2\u10d0\u10db\u10d6\u10d8\u10e0\u10d8 \u2116 8, \u10e1\u10d0\u10e5\u10d0\u10e0\u10d7\u10d5\u10d4\u10da\u10dd\u10e1 \u10de\u10d0\u10e0\u10da\u10d0\u10db\u10d4\u10dc\u10e2\u10d8, \u10dd\u10d7\u10d0\u10ee\u10d8 N338, \u10e2\u10d4\u10da: (995 32) 2 \u2013  28 \u2013  15 \u2013  91",
      "party": 138,
      "education": "\u10d2\u10d0\u10dc\u10d0\u10d7\u10da\u10d4\u10d1\u10d0 \u2013 \u10e3\u10db\u10d0\u10e6\u10da\u10d4\u10e1\u10d8;\u10e1\u10d0\u10e1\u10ec\u10d0\u10d5\u10da\u10d4\u10d1\u10d4\u10da\u10d8 \u2013 \u10d7\u10d1\u10d8\u10da\u10d8\u10e1\u10d8\u10e1 \u10d8\u10d5. \u10ef\u10d0\u10d5\u10d0\u10ee\u10d8\u10e8\u10d5\u10d8\u10da\u10d8\u10e1 \u10e1\u10d0\u10ee\u10d4\u10da\u10dd\u10d1\u10d8\u10e1 \u10e1\u10d0\u10ee\u10d4\u10da\u10db\u10ec\u10d8\u10e4\u10dd \u10e3\u10dc\u10d8\u10d5\u10d4\u10e0\u10e1\u10d8\u10e2\u10d4\u10e2\u10d8;\u10e1\u10de\u10d4\u10ea\u10d8\u10d0\u10da\u10dd\u10d1\u10d0 \u2013 \u10e1\u10d0\u10db\u10d0\u10e0\u10d7\u10d0\u10da\u10db\u10ea\u10dd\u10d3\u10dc\u10d4\u10dd\u10d1\u10d0;\u10d9\u10d5\u10d0\u10da\u10d8\u10e4\u10d8\u10d9\u10d0\u10ea\u10d8\u10d0 \u2013 \u10d8\u10e3\u10e0\u10d8\u10e1\u10e2\u10d8",
      "pob": "\u10e1\u10d8\u10e6\u10dc\u10d0\u10e6\u10d8\u10e1 \u10e0\u2013\u10dc\u10d8, \u10e1\u10dd\u10e4. \u10ef\u10e3\u10d2\u10d0\u10d0\u10dc\u10d8",
      "unit": 1
    }
  },
  {
    "pk": 6,
    "model": "representative.representative",
    "fields": {
      "salary": 59572.0,
      "other_income": 10000.0,
      "answered": 0.0,
      "faction": null,
      "url": "",
      "photo": "",
      "property_assets": "",
      "is_majoritarian": false,
      "electoral_district": "",
      "expenses": "",
      "family_status": "\u10d3\u10d0\u10dd\u10ef\u10d0\u10ee\u10d4\u10d1\u10e3\u10da\u10d8, \u10db\u10d4\u10e3\u10e6\u10da\u10d4 \u10d3\u10d0 \u10d4\u10e0\u10d7\u10d8 \u10e8\u10d5\u10d8\u10da\u10d8",
      "elected": "2008 \u10ec.\u10d8\u10d5\u10dc\u10d8\u10e1\u10d8",
      "committee": null,
      "contact_address_phone": "\u10db\u10d8\u10e1\u10d0\u10db\u10d0\u10e0\u10d7\u10d8: \u10e1\u10d0\u10e5\u10d0\u10e0\u10d7\u10d5\u10d4\u10da\u10dd, \u10d7\u10d1\u10d8\u10da\u10d8\u10e1\u10d8, 0118, \u10e0\u10e3\u10e1\u10d7\u10d0\u10d5\u10d4\u10da\u10d8\u10e1 \u10d2\u10d0\u10db\u10d6\u10d8\u10e0\u10d8 \u2116 8, \u10e1\u10d0\u10e5\u10d0\u10e0\u10d7\u10d5\u10d4\u10da\u10dd\u10e1 \u10de\u10d0\u10e0\u10da\u10d0\u10db\u10d4\u10dc\u10e2\u10d8, \u10dd\u10d7\u10d0\u10ee\u10d8 N701, \u10e2\u10d4\u10da: (995 32) 2 \u2013  28 \u2013  12 \u2013  76",
      "party": 139,
      "education": "\u10d2\u10d0\u10dc\u10d0\u10d7\u10da\u10d4\u10d1\u10d0: \u10e3\u10db\u10d0\u10e6\u10da\u10d4\u10e1\u10d8;\u10e1\u10d0\u10e1\u10ec\u10d0\u10d5\u10da\u10d4\u10d1\u10d4\u10da\u10d8: \u10d7\u10d1\u10d8\u10da\u10d8\u10e1\u10d8\u10e1 \u10d8\u10d5. \u10ef\u10d0\u10d5\u10d0\u10ee\u10d8\u10e8\u10d5\u10d8\u10da\u10d8\u10e1 \u10e1\u10d0\u10ee\u10d4\u10da\u10dd\u10d1\u10d8\u10e1 \u10e1\u10d0\u10ee\u10d4\u10da\u10db\u10ec\u10d8\u10e4\u10dd \u10e3\u10dc\u10d8\u10d5\u10d4\u10e0\u10e1\u10d8\u10e2\u10d4\u10e2\u10d8;\u10e1\u10de\u10d4\u10ea\u10d8\u10d0\u10da\u10dd\u10d1\u10d0: \u10d7\u10d4\u10dd\u10da\u10dd\u10d2\u10d8\u10d0;\u10d9\u10d5\u10d0\u10da\u10d8\u10e4\u10d8\u10d9\u10d0\u10ea\u10d8\u10d0: \u10e6\u10d5\u10d7\u10d8\u10e1\u10db\u10d4\u10e2\u10e7\u10d5\u10d4\u10da\u10d4\u10d1\u10d8\u10e1 \u10de\u10d4\u10d3\u10d0\u10d2\u10dd\u10d2\u10d8",
      "pob": "\u10e5. \u10d7\u10d1\u10d8\u10da\u10d8\u10e1\u10d8",
      "unit": 1
    }
  },
  {
    "pk": 2,
    "model": "representative.representative",
    "fields": {
      "salary": 74931.0,
      "other_income": 0,
      "answered": 0.0,
      "faction": null,
      "url": "\u10d5\u10d4\u10d1 \u10d2\u10d5\u10d4\u10e0\u10d3\u10d8: http://chugureti.majoritarian.ge/index.php",
      "photo": "",
      "property_assets": "mitsubichi pajero IO; \u10d1\u10d8\u10dc\u10d0; \u10d1\u10d8\u10dc\u10d0",
      "is_majoritarian": true,
      "electoral_district": "\u10e1/\u10dd #7 \u10d7\u10d1\u10d8\u10da\u10d8\u10e1\u10d8, \u10e9\u10e3\u10e6\u10e3\u10e0\u10d4\u10d7\u10d8",
      "expenses": "",
      "family_status": "\u10d3\u10d0\u10dd\u10ef\u10d0\u10ee\u10d4\u10d1\u10e3\u10da\u10d8, \u10db\u10d4\u10e3\u10e6\u10da\u10d4 \u10d3\u10d0 \u10dd\u10e0\u10d8 \u10e8\u10d5\u10d8\u10da\u10d8",
      "elected": "2010 \u10ec.\u10d8\u10d5\u10dc\u10d8\u10e1\u10d8",
      "committee": null,
      "contact_address_phone": "\u10db\u10d8\u10e1\u10d0\u10db\u10d0\u10e0\u10d7\u10d8: \u10e1\u10d0\u10e5\u10d0\u10e0\u10d7\u10d5\u10d4\u10da\u10dd, \u10d7\u10d1\u10d8\u10da\u10d8\u10e1\u10d8, 0118, \u10e0\u10e3\u10e1\u10d7\u10d0\u10d5\u10d4\u10da\u10d8\u10e1 \u10d2\u10d0\u10db\u10d6\u10d8\u10e0\u10d8 \u2116 8, \u10e1\u10d0\u10e5\u10d0\u10e0\u10d7\u10d5\u10d4\u10da\u10dd\u10e1 \u10de\u10d0\u10e0\u10da\u10d0\u10db\u10d4\u10dc\u10e2\u10d8, \u10dd\u10d7\u10d0\u10ee\u10d8 N236, \u10e2\u10d4\u10da: (995\u201332) 2 28 15 96,",
      "party": 140,
      "education": "\u10d2\u10d0\u10dc\u10d0\u10d7\u10da\u10d4\u10d1\u10d0: \u10e3\u10db\u10d0\u10e6\u10da\u10d4\u10e1\u10d8;\u10e1\u10d0\u10e1\u10ec\u10d0\u10d5\u10da\u10d4\u10d1\u10d4\u10da\u10d8: \u10d7\u10d1\u10d8\u10da\u10d8\u10e1\u10d8\u10e1 \u10d4\u10d9\u10dd\u10dc\u10dd\u10db\u10d8\u10d9\u10e3\u10e0 \u10e3\u10e0\u10d7\u10d8\u10d4\u10e0\u10d7\u10dd\u10d1\u10d0\u10d7\u10d0 \u10e1\u10d0\u10ee\u10d4\u10da\u10db\u10ec\u10d8\u10e4\u10dd \u10d8\u10dc\u10e1\u10e2\u10d8\u10e2\u10e3\u10e2\u10d8;\u10e1\u10de\u10d4\u10ea\u10d8\u10d0\u10da\u10dd\u10d1\u10d0: \u10d1\u10d8\u10d6\u10dc\u10d4\u10e1\u10d8\u10e1 \u10e1\u10d0\u10db\u10d0\u10e0\u10d7\u10d0\u10da\u10d8 \u10d9\u10d5\u10d0\u10da\u10d8\u10e4\u10d8\u10d9\u10d0\u10ea\u10d8\u10d0: \u10d8\u10e3\u10e0\u10d8\u10e1\u10e2 \u2013  \u10d4\u10d9\u10dd\u10dc\u10dd\u10db\u10d8\u10e1\u10e2\u10d8;",
      "pob": "\u10e5.\u10d7\u10d1\u10d8\u10da\u10d8\u10e1\u10d8",
      "unit": 2
    }
  },
  {
    "pk": 3,
    "model": "representative.representative",
    "fields": {
      "salary": 0,
      "other_income": 0,
      "answered": 33.3333333333333,
      "faction": "",
      "url": "",
      "photo": "representatives/anikashvili_magda.jpg",
      "property_assets": "nisan-tiida; \u10d1\u10d8\u10dc\u10d0",
      "is_majoritarian": false,
      "electoral_district": "",
      "expenses": "",
      "family_status": "\u10d3\u10d0\u10dd\u10ef\u10d0\u10ee\u10d4\u10d1\u10e3\u10da\u10d8, \u10db\u10d4\u10e3\u10e6\u10da\u10d4 \u10d3\u10d0 \u10d4\u10e0\u10d7\u10d8 \u10e8\u10d5\u10d8\u10da\u10d8",
      "elected": "2008 \u10ec.\u10d8\u10d5\u10dc\u10d8\u10e1\u10d8",
      "committee": "",
      "contact_address_phone": "\u10db\u10d8\u10e1\u10d0\u10db\u10d0\u10e0\u10d7\u10d8: \u10e1\u10d0\u10e5\u10d0\u10e0\u10d7\u10d5\u10d4\u10da\u10dd, \u10d7\u10d1\u10d8\u10da\u10d8\u10e1\u10d8, 0118, \u10e0\u10e3\u10e1\u10d7\u10d0\u10d5\u10d4\u10da\u10d8\u10e1 \u10d2\u10d0\u10db\u10d6\u10d8\u10e0\u10d8 \u2116 8, \u10e1\u10d0\u10e5\u10d0\u10e0\u10d7\u10d5\u10d4\u10da\u10dd\u10e1 \u10de\u10d0\u10e0\u10da\u10d0\u10db\u10d4\u10dc\u10e2\u10d8, \u10dd\u10d7\u10d0\u10ee\u10d8 N647, \u10e2\u10d4\u10da: (995 32) 2 \u2013  28 \u2013  42 \u2013  06",
      "party": 141,
      "education": "\u10d2\u10d0\u10dc\u10d0\u10d7\u10da\u10d4\u10d1\u10d0: \u10e3\u10db\u10d0\u10e6\u10da\u10d4\u10e1\u10d8;\u10e1\u10d0\u10e1\u10ec\u10d0\u10d5\u10da\u10d4\u10d1\u10d4\u10da\u10d8: \u10e1\u10d0\u10e5\u10d0\u10e0\u10d7\u10d5\u10d4\u10da\u10dd\u10e1 \u10e8\u10dd\u10d7\u10d0 \u10e0\u10e3\u10e1\u10d7\u10d0\u10d5\u10d4\u10da\u10d8\u10e1 \u10e1\u10d0\u10ee\u10d4\u10da\u10dd\u10d1\u10d8\u10e1 \u10d7\u10d4\u10d0\u10e2\u10e0\u10d8\u10e1\u10d0 \u10d3\u10d0 \u10d9\u10d8\u10dc\u10dd\u10e1 \u10e1\u10d0\u10ee\u10d4\u10da\u10db\u10ec\u10d8\u10e4\u10dd \u10e3\u10dc\u10d8\u10d5\u10d4\u10e0\u10e1\u10d8\u10e2\u10d4\u10e2\u10d8;\u10e1\u10de\u10d4\u10ea\u10d8\u10d0\u10da\u10dd\u10d1\u10d0: \u10d9\u10d8\u10dc\u10dd\u10df\u10e3\u10e0\u10dc\u10d0\u10da\u10d8\u10e1\u10e2\u10d8\u10d9\u10d0;\u10d9\u10d5\u10d0\u10da\u10d8\u10e4\u10d8\u10d9\u10d0\u10ea\u10d8\u10d0: \u10d9\u10d8\u10dc\u10dd\u10db\u10ea\u10dd\u10d3\u10dc\u10d4\u2013\u10df\u10e3\u10e0\u10dc\u10d0\u10da\u10d8\u10e1\u10e2\u10d8",
      "pob": "\u10e5. \u10d7\u10d1\u10d8\u10da\u10d8\u10e1\u10d8",
      "unit": 1
    }
  },
  {
    "pk": 4,
    "model": "representative.representative",
    "fields": {
      "salary": 61540.0,
      "other_income": 0,
      "answered": 0.0,
      "faction": null,
      "url": "",
      "photo": "",
      "property_assets": "\u10e1\u10d0\u10ea\u10ee\u10dd\u10d5\u10e0\u10d4\u10d1\u10d4\u10da\u10d8 \u10e1\u10d0\u10ee\u10da\u10d8",
      "is_majoritarian": false,
      "electoral_district": "",
      "expenses": "",
      "family_status": "\u10d3\u10d0\u10dd\u10ef\u10d0\u10ee\u10d4\u10d1\u10e3\u10da\u10d8, \u10db\u10d4\u10e3\u10e6\u10da\u10d4 \u10d3\u10d0 \u10dd\u10e0\u10d8 \u10e8\u10d5\u10d8\u10da\u10d8",
      "elected": "2008 \u10ec.\u10d8\u10d5\u10dc\u10d8\u10e1\u10d8",
      "committee": null,
      "contact_address_phone": "\u10db\u10d8\u10e1\u10d0\u10db\u10d0\u10e0\u10d7\u10d8: \u10e1\u10d0\u10e5\u10d0\u10e0\u10d7\u10d5\u10d4\u10da\u10dd, \u10d7\u10d1\u10d8\u10da\u10d8\u10e1\u10d8, 0118, \u10e0\u10e3\u10e1\u10d7\u10d0\u10d5\u10d4\u10da\u10d8\u10e1 \u10d2\u10d0\u10db\u10d6\u10d8\u10e0\u10d8 \u2116 8, \u10e1\u10d0\u10e5\u10d0\u10e0\u10d7\u10d5\u10d4\u10da\u10dd\u10e1 \u10de\u10d0\u10e0\u10da\u10d0\u10db\u10d4\u10dc\u10e2\u10d8, \u10dd\u10d7\u10d0\u10ee\u10d8 N309, \u10e2\u10d4\u10da: (995 32) 2 \u2013  28 \u2013  11 \u2013  72",
      "party": 142,
      "education": "\u10d2\u10d0\u10dc\u10d0\u10d7\u10da\u10d4\u10d1\u10d0: \u10e3\u10db\u10d0\u10e6\u10da\u10d4\u10e1\u10d8;\u10e1\u10d0\u10e1\u10ec\u10d0\u10d5\u10da\u10d4\u10d1\u10d4\u10da\u10d8: \u10d7\u10d1\u10d8\u10da\u10d8\u10e1\u10d8\u10e1 \u10d8.\u10d5 \u10ef\u10d0\u10d5\u10d0\u10ee\u10d8\u10e8\u10d5\u10d8\u10da\u10d8\u10e1 \u10e1\u10d0\u10ee\u10d4\u10da\u10dd\u10d1\u10d8\u10e1 \u10e1\u10d0\u10ee\u10d4\u10da\u10db\u10ec\u10d8\u10e4\u10dd \u10e3\u10dc\u10d8\u10d5\u10d4\u10e0\u10e1\u10d8\u10e2\u10d4\u10e2\u10d8;\u10e1\u10de\u10d4\u10ea\u10d8\u10d0\u10da\u10dd\u10d1\u10d0: \u10e1\u10d0\u10db\u10d0\u10e0\u10d7\u10d0\u10da\u10db\u10ea\u10dd\u10d3\u10dc\u10d4\u10dd\u10d1\u10d0;\u10d9\u10d5\u10d0\u10da\u10d8\u10e4\u10d8\u10d9\u10d0\u10ea\u10d8\u10d0: \u10d8\u10e3\u10e0\u10d8\u10e1\u10e2\u10d8",
      "pob": "\u10e5. \u10d7\u10d1\u10d8\u10da\u10d8\u10e1\u10d8",
      "unit": 1
    }
  },
  {
    "pk": 5,
    "model": "representative.representative",
    "fields": {
      "salary": 60132.0,
      "answered": 0.0,
      "faction": null,
      "url": "\u10d5\u10d4\u10d1 \u10d2\u10d5\u10d4\u10e0\u10d3\u10d8: http://gldani.majoritarian.ge/index.php",
      "photo": "",
      "property_assets": "Honda Hrv; mersedes sl600; \u10e1\u10d0\u10ea\u10ee\u10dd\u10d5\u10e0\u10d4\u10d1\u10d4\u10da\u10d8 \u10e1\u10d0\u10ee\u10da\u10d8; \u10db\u10e8\u10d4\u10dc\u10d4\u10d1\u10d0\u10e0\u10d4 \u10d1\u10d8\u10dc\u10d0; \u10d1\u10d8\u10dc\u10d0; \u10d0\u10e0\u10d0\u10e1\u10d0\u10ea\u10ee\u10dd\u10d5\u10e0\u10d4\u10d1\u10d4\u10da\u10d8 \u10e4\u10d0\u10e0\u10d7\u10d8,\u10e1\u10de\u10dd\u10e0\u10e2\u10e3\u10da\u10d8 \u10d3\u10d0\u10e0\u10d1\u10d0\u10d6\u10d8",
      "is_majoritarian": true,
      "electoral_district": "\u10e1/\u10dd #10 \u10d7\u10d1\u10d8\u10da\u10d8\u10e1\u10d8, \u10d2\u10da\u10d3\u10d0\u10dc\u10d8",
      "expenses": "\u10d2\u10d0\u10e1\u10d0\u10d5\u10d0\u10da\u10d8 1000.0 USD",
      "family_status": "\u10d3\u10d0\u10dd\u10ef\u10d0\u10ee\u10d4\u10d1\u10e3\u10da\u10d8, \u10db\u10d4\u10e3\u10e6\u10da\u10d4 \u10d3\u10d0 \u10dd\u10d7\u10ee\u10d8 \u10e8\u10d5\u10d8\u10da\u10d8",
      "elected": "2008 \u10ec.\u10d8\u10d5\u10dc\u10d8\u10e1\u10d8",
      "committee": null,
      "contact_address_phone": "\u10db\u10d8\u10e1\u10d0\u10db\u10d0\u10e0\u10d7\u10d8: \u10e1\u10d0\u10e5\u10d0\u10e0\u10d7\u10d5\u10d4\u10da\u10dd, \u10d7\u10d1\u10d8\u10da\u10d8\u10e1\u10d8, 0118, \u10e0\u10e3\u10e1\u10d7\u10d0\u10d5\u10d4\u10da\u10d8\u10e1 \u10d2\u10d0\u10db\u10d6\u10d8\u10e0\u10d8 \u2116 8, \u10e1\u10d0\u10e5\u10d0\u10e0\u10d7\u10d5\u10d4\u10da\u10dd\u10e1 \u10de\u10d0\u10e0\u10da\u10d0\u10db\u10d4\u10dc\u10e2\u10d8, \u10dd\u10d7\u10d0\u10ee\u10d8 N224, \u10e2\u10d4\u10da: (995 32) 2 \u2013  28 \u2013  11 \u2013  33\n\u10d4\u10da \u2013  \u10e4\u10dd\u10e1\u10e2\u10d0: sports@parliament.ge",
      "party": 143,
      "education": "\u10d2\u10d0\u10dc\u10d0\u10d7\u10da\u10d4\u10d1\u10d0: \u10e3\u10db\u10d0\u10e6\u10da\u10d4\u10e1\u10d8;\u10e1\u10d0\u10e1\u10ec\u10d0\u10d5\u10da\u10d4\u10d1\u10d4\u10da\u10d8: \u10e1\u10d0\u10e5\u10d0\u10e0\u10d7\u10d5\u10d4\u10da\u10dd\u10e1 \u10e1\u10d0\u10ee\u10d4\u10da\u10db\u10ec\u10d8\u10e4\u10dd \u10e4\u10d8\u10d6\u10d8\u10d9\u10e3\u10e0\u10d8 \u10d0\u10e6\u10d6\u10e0\u10d3\u10d8\u10e1\u10d0 \u10d3\u10d0 \u10e1\u10de\u10dd\u10e0\u10e2\u10d8\u10e1 \u10d0\u10d9\u10d0\u10d3\u10d4\u10db\u10d8\u10d0. \u10d7\u10d1\u10d8\u10da\u10d8\u10e1\u10d8\u10e1 \u10d8\u10d5. \u10ef\u10d0\u10d5\u10d0\u10ee\u10d8\u10e8\u10d5\u10d8\u10da\u10d8\u10e1 \u10e1\u10d0\u10ee\u10d4\u10da\u10dd\u10d1\u10d8\u10e1 \u10e1\u10d0\u10ee\u10d4\u10da\u10db\u10ec\u10d8\u10e4\u10dd \u10e3\u10dc\u10d8\u10d5\u10d4\u10e0\u10e1\u10d8\u10e2\u10d4\u10e2\u10d8;;\u10d9\u10d5\u10d0\u10da\u10d8\u10e4\u10d8\u10d9\u10d0\u10ea\u10d8\u10d0: \u10db\u10ec\u10d5\u10e0\u10d7\u10dc\u10d4\u10da\u10d8\u2013\u10de\u10d4\u10d3\u10d0\u10d2\u10dd\u10d2\u10d8 \u10d4\u10d9\u10dd\u10dc\u10dd\u10db\u10d8\u10e1\u10e2\u10d8",
      "pob": "\u10e5. \u10e1\u10d0\u10e9\u10ee\u10d4\u10e0\u10d4",
      "unit": 1
    }
  },
  {
    "pk": 7,
    "model": "representative.representative",
    "fields": {
      "salary": 49332.0,
      "other_income": 0,
      "answered": 0.0,
      "faction": null,
      "url": "",
      "photo": "",
      "property_assets": "mersedes e-320; golf 2; \u10e1\u10ee\u10d5\u10d4\u10dc\u10d8; \u10e1\u10ee\u10d5\u10d4\u10dc\u10d8; \u10db\u10d8\u10ec\u10d8\u10e1 \u10dc\u10d0\u10d9\u10d5\u10d4\u10d7\u10d8; \u10db\u10d8\u10ec\u10d8\u10e1 \u10dc\u10d0\u10d9\u10d5\u10d4\u10d7\u10d8; \u10db\u10d8\u10ec\u10d8\u10e1 \u10dc\u10d0\u10d9\u10d5\u10d4\u10d7\u10d8; \u10d1\u10d8\u10dc\u10d0; \u10d0\u10e0\u10d0\u10e1\u10d0\u10ea\u10ee\u10dd\u10d5\u10e0\u10d4\u10d1\u10d4\u10da\u10d8 \u10e4\u10d0\u10e0\u10d7\u10d8; \u10db\u10d8\u10ec\u10d8\u10e1 \u10dc\u10d0\u10d9\u10d5\u10d4\u10d7\u10d8; \u10e1\u10d0\u10ea\u10ee\u10dd\u10d5\u10e0\u10d4\u10d1\u10d4\u10da\u10d8 \u10e1\u10d0\u10ee\u10da\u10d8; \u10e1\u10d0\u10ea\u10ee\u10dd\u10d5\u10e0\u10d4\u10d1\u10d4\u10da\u10d8 \u10e1\u10d0\u10ee\u10da\u10d8; \u10db\u10d8\u10ec\u10d8\u10e1 \u10dc\u10d0\u10d9\u10d5\u10d4\u10d7\u10d8; \u10db\u10d8\u10ec\u10d8\u10e1 \u10dc\u10d0\u10d9\u10d5\u10d4\u10d7\u10d8; \u10db\u10d8\u10ec\u10d8\u10e1 \u10dc\u10d0\u10d9\u10d5\u10d4\u10d7\u10d8; \u10db\u10d8\u10ec\u10d8\u10e1 \u10dc\u10d0\u10d9\u10d5\u10d4\u10d7\u10d8; \u10db\u10d8\u10ec\u10d8\u10e1 \u10dc\u10d0\u10d9\u10d5\u10d4\u10d7\u10d8; \u10db\u10d8\u10ec\u10d8\u10e1 \u10dc\u10d0\u10d9\u10d5\u10d4\u10d7\u10d8; \u10d1\u10d8\u10dc\u10d0",
      "is_majoritarian": true,
      "electoral_district": "\u10e1/\u10dd #28 \u10d3\u10e3\u10e8\u10d4\u10d7\u10d8",
      "expenses": "\u10d2\u10d0\u10e1\u10d0\u10d5\u10d0\u10da\u10d8 77000.0 GEL; \u10d2\u10d0\u10e1\u10d0\u10d5\u10d0\u10da\u10d8 7000.0 GEL",
      "family_status": "\u10d3\u10d0\u10dd\u10ef\u10d0\u10ee\u10d4\u10d1\u10e3\u10da\u10d8, \u10db\u10d4\u10e3\u10e6\u10da\u10d4 \u10d3\u10d0 \u10dd\u10e0\u10d8 \u10e8\u10d5\u10d8\u10da\u10d8",
      "elected": "2008 \u10ec.\u10d8\u10d5\u10dc\u10d8\u10e1\u10d8",
      "committee": null,
      "contact_address_phone": "\u10db\u10d8\u10e1\u10d0\u10db\u10d0\u10e0\u10d7\u10d8: \u10e1\u10d0\u10e5\u10d0\u10e0\u10d7\u10d5\u10d4\u10da\u10dd, \u10d7\u10d1\u10d8\u10da\u10d8\u10e1\u10d8, 0118, \u10e0\u10e3\u10e1\u10d7\u10d0\u10d5\u10d4\u10da\u10d8\u10e1 \u10d2\u10d0\u10db\u10d6\u10d8\u10e0\u10d8 \u2116 8, \u10e1\u10d0\u10e5\u10d0\u10e0\u10d7\u10d5\u10d4\u10da\u10dd\u10e1 \u10de\u10d0\u10e0\u10da\u10d0\u10db\u10d4\u10dc\u10e2\u10d8, \u10dd\u10d7\u10d0\u10ee\u10d8  N547, \u10e2\u10d4\u10da: (995 32) 2 \u2013  28 \u2013  15 \u2013  74",
      "party": 144,
      "education": "\u10d2\u10d0\u10dc\u10d0\u10d7\u10da\u10d4\u10d1\u10d0: \u10e3\u10db\u10d0\u10e6\u10da\u10d4\u10e1\u10d8;\u10e1\u10d0\u10e1\u10ec\u10d0\u10d5\u10da\u10d4\u10d1\u10d4\u10da\u10d8: \u10d7\u10d1\u10d8\u10da\u10d8\u10e1\u10d8\u10e1 \u10d8\u10d5. \u10ef\u10d0\u10d5\u10d0\u10ee\u10d8\u10e8\u10d5\u10d8\u10da\u10d8\u10e1 \u10e1\u10d0\u10ee\u10d4\u10da\u10dd\u10d1\u10d8\u10e1 \u10e1\u10d0\u10ee\u10d4\u10da\u10db\u10ec\u10d8\u10e4\u10dd \u10e3\u10dc\u10d8\u10d5\u10d4\u10e0\u10e1\u10d8\u10e2\u10d4\u10e2\u10d8;\u10e1\u10de\u10d4\u10ea\u10d8\u10d0\u10da\u10dd\u10d1\u10d0: \u10db\u10e8\u10d4\u10dc\u10d4\u10d1\u10da\u10dd\u10d1\u10d8\u10e1 \u10db\u10d4\u10dc\u10d4\u10ef\u10db\u10d4\u10dc\u10e2\u10d8, \u10d4\u10d9\u10dd\u10dc\u10dd\u10db\u10d8\u10d9\u10d0 \u10d3\u10d0 \u10db\u10d0\u10e0\u10d7\u10d5\u10d0 \u10db\u10e8\u10d4\u10dc\u10d4\u10d1\u10da\u10dd\u10d1\u10d0\u10e8\u10d8;\u10d9\u10d5\u10d0\u10da\u10d8\u10e4\u10d8\u10d9\u10d0\u10ea\u10d8\u10d0: \u10d8\u10dc\u10df\u10d8\u10dc\u10d4\u10e0 \u2013  \u10db\u10e8\u10d4\u10dc\u10d4\u10d1\u10d4\u10da\u10d8",
      "pob": "\u10e5. \u10d3\u10e3\u10e8\u10d4\u10d7\u10d8",
      "unit": 1
    }
  },
  {
    "pk": 13,
    "model": "representative.representative",
    "fields": {
      "salary": 49172.0,
      "other_income": 0,
      "answered": 0.0,
      "faction": null,
      "url": "",
      "photo": "",
      "property_assets": "\u10e2\u10dd\u10d8\u10dd\u10e2\u10d0\u10e1 \u10ef\u10d8\u10de\u10d8 \u10da\u10d4\u10dc\u10d3\u10d9\u10e0\u10e3\u10d8\u10d6\u10d4\u10e0\u10d8 100.2002 \u10ec; \u10e1\u10d0\u10ea\u10ee\u10dd\u10d5\u10e0\u10d4\u10d1\u10d4\u10da\u10d8 \u10e1\u10d0\u10ee\u10da\u10d8",
      "is_majoritarian": false,
      "electoral_district": "",
      "expenses": "\u10d2\u10d0\u10e1\u10d0\u10d5\u10d0\u10da\u10d8 5000.0 GEL; \u10d2\u10d0\u10e1\u10d0\u10d5\u10d0\u10da\u10d8 20000.0 USD; \u10d2\u10d0\u10e1\u10d0\u10d5\u10d0\u10da\u10d8 65000.0 USD",
      "family_status": "\u10d3\u10d0\u10dd\u10ef\u10d0\u10ee\u10d4\u10d1\u10e3\u10da\u10d8, \u10db\u10d4\u10e3\u10e6\u10da\u10d4 \u10d3\u10d0 \u10e1\u10d0\u10db\u10d8 \u10e8\u10d5\u10d8\u10da\u10d8",
      "elected": "2008 \u10ec.\u10d8\u10d5\u10dc\u10d8\u10e1\u10d8",
      "committee": null,
      "contact_address_phone": "\u10db\u10d8\u10e1\u10d0\u10db\u10d0\u10e0\u10d7\u10d8: \u10e1\u10d0\u10e5\u10d0\u10e0\u10d7\u10d5\u10d4\u10da\u10dd, \u10d7\u10d1\u10d8\u10da\u10d8\u10e1\u10d8, 0118, \u10e0\u10e3\u10e1\u10d7\u10d0\u10d5\u10d4\u10da\u10d8\u10e1 \u10d2\u10d0\u10db\u10d6\u10d8\u10e0\u10d8 \u2116 8, \u10e1\u10d0\u10e5\u10d0\u10e0\u10d7\u10d5\u10d4\u10da\u10dd\u10e1 \u10de\u10d0\u10e0\u10da\u10d0\u10db\u10d4\u10dc\u10e2\u10d8, \u10dd\u10d7\u10d0\u10ee\u10d8 N301; \u10e2\u10d4\u10da: (995 32) 2 \u2013  28 \u2013  16 \u2013  15",
      "party": 138,
      "education": "\u10d2\u10d0\u10dc\u10d0\u10d7\u10da\u10d4\u10d1\u10d0: \u10e3\u10db\u10d0\u10e6\u10da\u10d4\u10e1\u10d8;\u10e1\u10d0\u10e1\u10ec\u10d0\u10d5\u10da\u10d4\u10d1\u10d4\u10da\u10d8: \u10d7\u10d1\u10d8\u10da\u10d8\u10e1\u10d8\u10e1 \u10d8\u10d5. \u10ef\u10d0\u10d5\u10d0\u10ee\u10d8\u10e8\u10d5\u10d8\u10da\u10d8\u10e1 \u10e1\u10d0\u10ee\u10d4\u10da\u10dd\u10d1\u10d8\u10e1 \u10e1\u10d0\u10ee\u10d4\u10da\u10db\u10ec\u10d8\u10e4\u10dd \u10e3\u10dc\u10d8\u10d5\u10d4\u10e0\u10e1\u10d8\u10e2\u10d4\u10e2\u10d8;\u10e1\u10de\u10d4\u10ea\u10d8\u10d0\u10da\u10dd\u10d1\u10d0: \u10db\u10e8\u10d4\u10dc\u10d4\u10d1\u10da\u10dd\u10d1\u10d8\u10e1 \u10d4\u10d9\u10dd\u10dc\u10dd\u10db\u10d8\u10d9\u10d0 \u10d3\u10d0 \u10dd\u10e0\u10d2\u10d0\u10dc\u10d8\u10d6\u10d0\u10ea\u10d8\u10d0;\u10d9\u10d5\u10d0\u10da\u10d8\u10e4\u10d8\u10d9\u10d0\u10ea\u10d8\u10d0: \u10d8\u10dc\u10df\u10d8\u10dc\u10d4\u10e0 \u2013  \u10d4\u10d9\u10dd\u10dc\u10dd\u10db\u10d8\u10e1\u10e2\u10d8",
      "pob": "\u10e5. \u10d1\u10d0\u10d7\u10e3\u10db\u10d8",
      "unit": 1
    }
  },
  {
    "pk": 8,
    "model": "representative.representative",
    "fields": {
      "salary": 0.0,
      "other_income": 0,
      "answered": 0.0,
      "faction": null,
      "url": "",
      "photo": "",
      "property_assets": null,
      "is_majoritarian": false,
      "electoral_district": "",
      "expenses": null,
      "family_status": "\u10d3\u10d0\u10dd\u10ef\u10d0\u10ee\u10d4\u10d1\u10e3\u10da\u10d8, \u10db\u10d4\u10e3\u10e6\u10da\u10d4 \u10d3\u10d0 \u10d4\u10e0\u10d7\u10d8 \u10e8\u10d5\u10d8\u10da\u10d8",
      "elected": "2008 \u10ec.\u10d8\u10d5\u10dc\u10d8\u10e1\u10d8",
      "committee": null,
      "contact_address_phone": "\u10db\u10d8\u10e1\u10d0\u10db\u10d0\u10e0\u10d7\u10d8: \u10e1\u10d0\u10e5\u10d0\u10e0\u10d7\u10d5\u10d4\u10da\u10dd, \u10d7\u10d1\u10d8\u10da\u10d8\u10e1\u10d8, 0118, \u10e0\u10e3\u10e1\u10d7\u10d0\u10d5\u10d4\u10da\u10d8\u10e1 \u10d2\u10d0\u10db\u10d6\u10d8\u10e0\u10d8 \u2116 8, \u10e1\u10d0\u10e5\u10d0\u10e0\u10d7\u10d5\u10d4\u10da\u10dd\u10e1 \u10de\u10d0\u10e0\u10da\u10d0\u10db\u10d4\u10dc\u10e2\u10d8, \u10dd\u10d7\u10d0\u10ee\u10d8  N231, \u10e2\u10d4\u10da: (995 32) 2 \u2013  28 \u2013  15 \u2013  95",
      "party": 138,
      "education": "\u10d2\u10d0\u10dc\u10d0\u10d7\u10da\u10d4\u10d1\u10d0: \u10e3\u10db\u10d0\u10e6\u10da\u10d4\u10e1\u10d8;\u10e1\u10d0\u10e1\u10ec\u10d0\u10d5\u10da\u10d4\u10d1\u10d4\u10da\u10d8: \u10d4\u10e0\u10d4\u10d5\u10dc\u10d8\u10e1 \u10d4\u10d9\u10dd\u10dc\u10dd\u10db\u10d8\u10d9\u10e3\u10e0\u2013\u10d8\u10e3\u10e0\u10d8\u10d3\u10d8\u10e3\u10da\u10d8 \u10e3\u10dc\u10d8\u10d5\u10d4\u10e0\u10e1\u10d8\u10e2\u10d4\u10e2\u10d8 \u10d4\u10e0\u10d4\u10d5\u10dc\u10d8\u10e1 \u10d7\u10d4\u10d0\u10e2\u10e0\u10d8\u10e1\u10d0 \u10d3\u10d0 \u10d9\u10d8\u10dc\u10dd\u10e1 \u10e1\u10d0\u10ee\u10d4\u10da\u10db\u10ec\u10d8\u10e4\u10dd \u10d8\u10dc\u10e1\u10e2\u10d8\u10e2\u10e3\u10e2\u10d8;\u10e1\u10de\u10d4\u10ea\u10d8\u10d0\u10da\u10dd\u10d1\u10d0: \u10d6\u10dd\u10d2\u10d0\u10d3\u10d8 \u10e4\u10e1\u10d8\u10e5\u10dd\u10da\u10dd\u10d2\u10d8\u10d0;\u10d9\u10d5\u10d0\u10da\u10d8\u10e4\u10d8\u10d9\u10d0\u10ea\u10d8\u10d0: \u10e4\u10e1\u10d8\u10e5\u10dd\u10da\u10dd\u10d2\u10d8",
      "pob": "\u10d7\u10d4\u10d7\u10e0\u10d8\u10ec\u10e7\u10d0\u10e0\u10d8\u10e1 \u10e0\u10d0\u10d8\u10dd\u10dc\u10d8, \u10e1\u10dd\u10e4. \u10d3\u10d0\u10e6\u10d4\u10d7\u2013\u10ee\u10d0\u10e9\u10d4\u10dc\u10d8",
      "unit": 1
    }
  },
  {
    "pk": 9,
    "model": "representative.representative",
    "fields": {
      "salary": 35000.0,
      "other_income": 0,
      "answered": 0.0,
      "faction": null,
      "url": "",
      "photo": "",
      "property_assets": "\u10e0\u10dd\u10d5\u10d4\u10e0 75",
      "is_majoritarian": false,
      "electoral_district": "",
      "expenses": "",
      "family_status": "\u10d3\u10d0\u10dd\u10ef\u10d0\u10ee\u10d4\u10d1\u10e3\u10da\u10d8, \u10db\u10d4\u10e3\u10e6\u10da\u10d4 \u10d3\u10d0 \u10dd\u10e0\u10d8 \u10e8\u10d5\u10d8\u10da\u10d8",
      "elected": "2008 \u10ec.\u10d8\u10d5\u10dc\u10d8\u10e1\u10d8",
      "committee": null,
      "contact_address_phone": "\u10db\u10d8\u10e1\u10d0\u10db\u10d0\u10e0\u10d7\u10d8: \u10e1\u10d0\u10e5\u10d0\u10e0\u10d7\u10d5\u10d4\u10da\u10dd, \u10d7\u10d1\u10d8\u10da\u10d8\u10e1\u10d8, 0118, \u10e0\u10e3\u10e1\u10d7\u10d0\u10d5\u10d4\u10da\u10d8\u10e1 \u10d2\u10d0\u10db\u10d6\u10d8\u10e0\u10d8 \u2116 8, \u10e1\u10d0\u10e5\u10d0\u10e0\u10d7\u10d5\u10d4\u10da\u10dd\u10e1 \u10de\u10d0\u10e0\u10da\u10d0\u10db\u10d4\u10dc\u10e2\u10d8, \u10dd\u10d7\u10d0\u10ee\u10d8 N433, \u10e2\u10d4\u10da: (995 32) 2 \u2013  28 \u2013  15 \u2013  14",
      "party": 140,
      "education": "\u10d2\u10d0\u10dc\u10d0\u10d7\u10da\u10d4\u10d1\u10d0: \u10e3\u10db\u10d0\u10e6\u10da\u10d4\u10e1\u10d8;\u10e1\u10d0\u10e1\u10ec\u10d0\u10d5\u10da\u10d4\u10d1\u10d4\u10da\u10d8: \u10d7\u10d1\u10d8\u10da\u10d8\u10e1\u10d8\u10e1 \u10d8\u10d5. \u10ef\u10d0\u10d5\u10d0\u10ee\u10d8\u10e8\u10d5\u10d8\u10da\u10d8\u10e1 \u10e1\u10d0\u10ee\u10d4\u10da\u10dd\u10d1\u10d8\u10e1 \u10e1\u10d0\u10ee\u10d4\u10da\u10db\u10ec\u10d8\u10e4\u10dd \u10e3\u10dc\u10d8\u10d5\u10d4\u10e0\u10e1\u10d8\u10e2\u10d4\u10e2\u10d8;\u10e1\u10de\u10d4\u10ea\u10d8\u10d0\u10da\u10dd\u10d1\u10d0: \u10e1\u10d0\u10db\u10d0\u10e0\u10d7\u10d0\u10da\u10db\u10ea\u10dd\u10d3\u10dc\u10d4\u10dd\u10d1\u10d0;\u10d9\u10d5\u10d0\u10da\u10d8\u10e4\u10d8\u10d9\u10d0\u10ea\u10d8\u10d0: \u10d8\u10e3\u10e0\u10d8\u10e1\u10e2\u10d8",
      "pob": "\u10e5. \u10d2\u10d0\u10e0\u10d3\u10d0\u10d1\u10d0\u10dc\u10d8",
      "unit": 1
    }
  },
  {
    "pk": 1,
    "model": "representative.additionalinformation",
    "fields": {
      "representative": 8,
      "value": "\u10e1\u10dd\u10db\u10ee\u10d4\u10d7\u10d8\u10e1 \u10e0\u10d4\u10e1\u10de\u10e3\u10d1\u10da\u10d8\u10d9\u10d8\u10e1 \"\u10db\u10dd\u10d5\u10e1\u10d4\u10e1 \u10ee\u10dd\u10e0\u10d4\u10dc\u10ea\u10d8\u10e1\" \u10db\u10d4\u10d3\u10da\u10d8\u10e1\u10d0 (1999) \u10d3\u10d0 \u10e1\u10d0\u10e5\u10d0\u10e0\u10d7\u10d5\u10d4\u10da\u10dd\u10e1 \u10e0\u10d4\u10e1\u10de\u10e3\u10d1\u10da\u10d8\u10d9\u10d8\u10e1 \u10e6\u10d8\u10e0\u10e1\u10d4\u10d1\u10d8\u10e1 \u10dd\u10e0\u10d3\u10d4\u10dc\u10d8\u10e1 \u10d9\u10d0\u10d5\u10d0\u10da\u10d4\u10e0\u10d8 (1998)"
    }
  },
  {
    "pk": 2,
    "model": "representative.additionalinformation",
    "fields": {
      "representative": 8,
      "value": "\u10ef\u10d8\u10da\u10d3\u10dd \u2013 \"\u10dd\u10e5\u10e0\u10dd\u10e1 \u10dc\u10d8\u10e6\u10d0\u10d1\u10d8\" (1998);  \"\u10d1\u10d0\u10d1\u10d9\u10d4\u10dc \u10dc\u10d4\u10e0\u10e1\u10d4\u10e1\u10d8\u10d0\u10dc\u10d8\u10e1\" \u10de\u10e0\u10d4\u10db\u10d8\u10d0 (2007)"
    }
  },
  {
    "pk": 7,
    "model": "representative.additionalinformation",
    "fields": {
      "representative": 13,
      "value": "2007 \u2013 \u10de/\u10d2 \"\u10e5\u10d0\u10e0\u10d7\u10e3\u10da\u10d8 \u10d3\u10d0\u10e1\u10d8\"\u2013\u10e1 \u10d3\u10d0\u10db\u10e4\u10e3\u10eb\u10dc\u10d4\u10d1\u10d4\u10da\u10d8"
    }
  },
  {
    "pk": 8,
    "model": "representative.additionalinformation",
    "fields": {
      "representative": 13,
      "value": "\u10d3\u10d0\u10db\u10d7\u10d0\u10d5\u10e0\u10d4\u10d1\u10e3\u10da\u10d8 \u10d0\u10e5\u10d5\u10e1 \u10d4\u10d5\u10e0\u10dd\u10e1\u10d0\u10d1\u10ed\u10dd\u10e1 \u10de\u10dd\u10da\u10d8\u10e2\u10d8\u10d9\u10e3\u10e0\u10d8 \u10e1\u10ec\u10d0\u10d5\u10da\u10d4\u10d1\u10d8\u10e1 \u10e1\u10d9\u10dd\u10da\u10d0 (2001)"
    }
  },
  {
    "pk": 9,
    "model": "representative.additionalinformation",
    "fields": {
      "representative": 13,
      "value": "\u10d0\u10e4\u10ee\u10d0\u10d6\u10d4\u10d7\u10d8\u10e1 \u10dd\u10db\u10d8\u10e1 \u10d5\u10d4\u10e2\u10d4\u10e0\u10d0\u10dc\u10d8"
    }
  },
  {
    "pk": 1,
    "model": "representative.randomrepresentative",
    "fields": {
      "date_set": "2012-06-05T20:00:00Z",
      "representative": 5
    }
  },
  {
    "pk": 1,
    "model": "question.question",
    "fields": {
      "first_name": "test",
      "last_name": "site",
      "mobile": "",
      "question": "how's things in Foobar?",
      "answer": null,
      "representative": 2,
      "date": "2012-06-05",
      "is_public": false,
      "email": "foo@bar.com"
    }
  },
  {
    "pk": 2,
    "model": "question.question",
    "fields": {
      "first_name": "test",
      "last_name": "site",
      "mobile": "",
      "question": "blabla",
      "answer": null,
      "representative": 1,
      "date": "2012-06-05",
      "is_public": true,
      "email": "foo@bar.com"
    }
  },
  {
    "pk": 3,
    "model": "question.question",
    "fields": {
      "first_name": "test",
      "last_name": "site",
      "mobile": "",
      "question": "miss?",
      "answer": "yes, please?",
      "representative": 1,
      "date": "2012-06-05",
      "is_public": true,
      "email": "foo@bar.com"
    }
  },
  {
    "pk": 136,
    "model": "votingrecord.votingrecord",
    "fields": {
      "slug": "none-sakartvelos-administratsiul-samart",
      "kan_id": 2271,
      "amended_by": [],
      "name": "\u10e1\u10d0\u10e5\u10d0\u10e0\u10d7\u10d5\u10d4\u10da\u10dd\u10e1 \u10d0\u10d3\u10db\u10d8\u10dc\u10d8\u10e1\u10e2\u10e0\u10d0\u10ea\u10d8\u10e3\u10da \u10e1\u10d0\u10db\u10d0\u10e0\u10d7\u10d0\u10da\u10d3\u10d0\u10e0\u10e6\u10d5\u10d4\u10d5\u10d0\u10d7\u10d0 \u10d9\u10dd\u10d3\u10d4\u10e5\u10e1\u10d8",
      "scrape_date": "2012-05-24",
      "number": null,
      "url": "http://www.parliament.ge/index.php?lang_id=GEO&sec_id=1530&kan_det=det&kan_id=2271",
      "date": "1984-12-15"
    }
  },
  {
    "pk": 1457,
    "model": "votingrecord.votingrecordresult",
    "fields": {
      "vote": "\u10d0\u10e0\u10d0",
      "record": 136,
      "name": "\u10d9\u10dd\u10de\u10d0\u10da\u10d8\u10d0\u10dc\u10d8 \u10d9\u10d0\u10e0\u10da\u10dd",
      "css": "vote-no",
      "representative": 1
    }
  },
  {
    "pk": 1370,
    "model": "votingrecord.votingrecordresult",
    "fields": {
      "vote": "\u10d3\u10d8\u10d0\u10ee",
      "record": 136,
      "name": "\u10ea\u10d0\u10d2\u10d0\u10e0\u10d4\u10d8\u10e8\u10d5\u10d8\u10da\u10d8 \u10d2\u10d8\u10dd\u10e0\u10d2\u10d8",
      "css": "vote-no",
      "representative": 1
    }
  },
  {
    "pk": 19559,
    "model": "votingrecord.votingrecordresult",
    "fields": {
      "vote": "\u10d0\u10e0\u10d0",
      "record": 136,
      "name": "\u10ea\u10d0\u10d2\u10d0\u10e0\u10d4\u10d8\u10e8\u10d5\u10d8\u10da\u10d8 \u10d2\u10d8\u10dd\u10e0\u10d2\u10d8",
      "css": "vote-no",
      "representative": 1
    }
  },
  {
    "pk": 98005,
    "model": "votingrecord.votingrecordresult",
    "fields": {
      "vote": "\u10d0\u10e0\u10d0",
      "record": 136,
      "name": "\u10d9\u10d5\u10d0\u10ed\u10d0\u10dc\u10e2\u10d8\u10e0\u10d0\u10eb\u10d4 \u10d7\u10d0\u10db\u10d0\u10d6\u10d8",
      "css": "vote-no",
      "representative": 1
    }
  },
  {
    "pk": 138,
    "model": "popit.organisationname",
    "fields": {
      "updated": "2012-06-27T08:58:02.989Z",
      "main": true,
      "name": "Christian Democractic Movement",
      "end_date": null,
      "created": "2012-06-27T08:58:02.910Z",
      "organisation": 138,
      "name_en": "Christian Democractic Movement",
      "name_ka": "\u10d2\u10d8\u10dd\u10e0\u10d2\u10d8 \u10d7\u10d0\u10e0\u10d2\u10d0\u10db\u10d0\u10eb\u10d4 \u2013 \u10e5\u10e0\u10d8\u10e1\u10e2\u10d8\u10d0\u10dc \u2013 \u10d3\u10d4\u10db\u10dd\u10d9\u10e0\u10d0\u10e2\u10d4\u10d1\u10d8",
      "start_date": null
    }
  },
  {
    "pk": 139,
    "model": "popit.organisationname",
    "fields": {
      "updated": "2012-06-27T08:58:24.791Z",
      "main": true,
      "name": "Labour",
      "end_date": null,
      "created": "2012-06-27T08:58:24.779Z",
      "organisation": 139,
      "name_en": "Labour",
      "name_ka": "\u10e1\u10d0\u10e5\u10d0\u10e0\u10d7\u10d5\u10d4\u10da\u10dd\u10e1 \u10da\u10d4\u10d8\u10d1\u10dd\u10e0\u10d8\u10e1\u10e2\u10e3\u10da\u10d8 \u10de\u10d0\u10e0\u10e2\u10d8\u10d0",
      "start_date": null
    }
  },
  {
    "pk": 140,
    "model": "popit.organisationname",
    "fields": {
      "updated": "2012-06-27T08:58:50.245Z",
      "main": true,
      "name": "National Democratic Party",
      "end_date": null,
      "created": "2012-06-27T08:58:50.233Z",
      "organisation": 140,
      "name_en": "National Democratic Party",
      "name_ka": "\u10d4\u10e0\u10dd\u10d5\u10dc\u10e3\u10da \u2013 \u10d3\u10d4\u10db\u10dd\u10d9\u10e0\u10d0\u10e2\u10d8\u10e3\u10da\u10d8 \u10de\u10d0\u10e0\u10e2\u10d8\u10d0",
      "start_date": null
    }
  },
  {
    "pk": 141,
    "model": "popit.organisationname",
    "fields": {
      "updated": "2012-06-27T08:59:11.659Z",
      "main": true,
      "name": "Republicans",
      "end_date": null,
      "created": "2012-06-27T08:59:11.647Z",
      "organisation": 141,
      "name_en": "Republicans",
      "name_ka": "\u10e1\u10d0\u10e5\u10d0\u10e0\u10d7\u10d5\u10d4\u10da\u10dd\u10e1 \u10e0\u10d4\u10e1\u10de\u10e3\u10d1\u10da\u10d8\u10d9\u10e3\u10e0\u10d8 \u10de\u10d0\u10e0\u10e2\u10d8\u10d0",
      "start_date": null
    }
  },
  {
    "pk": 142,
    "model": "popit.organisationname",
    "fields": {
      "updated": "2012-06-27T08:59:32.913Z",
      "main": true,
      "name": "United National Council",
      "end_date": null,
      "created": "2012-06-27T08:59:32.894Z",
      "organisation": 142,
      "name_en": "United National Council",
      "name_ka": "\u10d2\u10d0\u10d4\u10e0\u10d7\u10d8\u10d0\u10dc\u10d4\u10d1\u10e3\u10da\u10d8 \u10dd\u10de\u10dd\u10d6\u10d8\u10ea\u10d8\u10d0 (\u10d4\u10e0\u10dd\u10d5\u10dc\u10e3\u10da\u10d8 \u10e1\u10d0\u10d1\u10ed\u10dd, \u10db\u10d4\u10db\u10d0\u10e0\u10ef\u10d5\u10d4\u10dc\u10d4\u10d4\u10d1\u10d8)",
      "start_date": null
    }
  },
  {
    "pk": 143,
    "model": "popit.organisationname",
    "fields": {
      "updated": "2012-06-27T08:59:53.122Z",
      "main": true,
      "name": "United National Movement",
      "end_date": null,
      "created": "2012-06-27T08:59:53.105Z",
      "organisation": 143,
      "name_en": "United National Movement",
      "name_ka": "\u10d4\u10e0\u10d7\u10d8\u10d0\u10dc\u10d8 \u10dc\u10d0\u10ea\u10d8\u10dd\u10dc\u10d0\u10da\u10e3\u10e0\u10d8 \u10db\u10dd\u10eb\u10e0\u10d0\u10dd\u10d1\u10d0 \u2013 \u10d2\u10d0\u10db\u10d0\u10e0\u10ef\u10d5\u10d4\u10d1\u10e3\u10da\u10d8 \u10e1\u10d0\u10e5\u10d0\u10e0\u10d7\u10d5\u10d4\u10da\u10dd\u10e1\u10d7\u10d5\u10d8\u10e1",
      "start_date": null
    }
  },
  {
    "pk": 144,
    "model": "popit.organisationname",
    "fields": {
      "updated": "2012-06-27T09:20:03.841Z",
      "main": true,
      "name": "Unknown",
      "end_date": null,
      "created": "2012-06-27T09:20:03.830Z",
      "organisation": 144,
      "name_en": "Unknown",
      "name_ka": null,
      "start_date": null
    }
  },
  {
    "pk": 138,
    "model": "popit.organisation",
    "fields": {
      "updated": "2012-06-27T09:09:48.084Z",
      "created": "2012-06-27T08:58:02.887Z",
      "started": null,
      "ended": null,
      "summary": "",
      "summary_ka": null,
      "summary_en": null,
      "slug": "christian-democractic-movement"
    }
  },
  {
    "pk": 139,
    "model": "popit.organisation",
    "fields": {
      "updated": "2012-06-27T09:09:48.639Z",
      "created": "2012-06-27T08:58:24.767Z",
      "started": null,
      "ended": null,
      "summary": "",
      "summary_ka": null,
      "summary_en": null,
      "slug": "labour"
    }
  },
  {
    "pk": 140,
    "model": "popit.organisation",
    "fields": {
      "updated": "2012-06-27T09:00:34.181Z",
      "created": "2012-06-27T08:58:50.221Z",
      "started": null,
      "ended": null,
      "summary": "",
      "summary_ka": null,
      "summary_en": null,
      "slug": "national-democratic-party"
    }
  },
  {
    "pk": 141,
    "model": "popit.organisation",
    "fields": {
      "updated": "2012-06-27T09:00:44.029Z",
      "created": "2012-06-27T08:59:11.635Z",
      "started": null,
      "ended": null,
      "summary": "",
      "summary_ka": null,
      "summary_en": null,
      "slug": "republicans"
    }
  },
  {
    "pk": 142,
    "model": "popit.organisation",
    "fields": {
      "updated": "2012-06-27T09:09:48.021Z",
      "created": "2012-06-27T08:59:32.879Z",
      "started": null,
      "ended": null,
      "summary": "",
      "summary_ka": null,
      "summary_en": null,
      "slug": "united-national-council"
    }
  },
  {
    "pk": 143,
    "model": "popit.organisation",
    "fields": {
      "updated": "2012-06-27T09:09:49.057Z",
      "created": "2012-06-27T08:59:53.093Z",
      "started": null,
      "ended": null,
      "summary": "",
      "summary_ka": null,
      "summary_en": null,
      "slug": "united-national-movement"
    }
  },
  {
    "pk": 144,
    "model": "popit.organisation",
    "fields": {
      "updated": "2012-06-27T09:20:03.860Z",
      "created": "2012-06-27T09:20:03.819Z",
      "started": null,
      "ended": null,
      "summary": "",
      "summary_ka": null,
      "summary_en": null,
      "slug": "unknown"
    }
  },
  {
    "pk": 138,
    "model": "representative.party",
    "fields": {
      "acronym": "cdm",
      "url": "http://cdm.ge"
    }
  },
  {
    "pk": 139,
    "model": "representative.party",
    "fields": {
      "acronym": "labour",
      "url": "http://labour.ge"
    }
  },
  {
    "pk": 140,
    "model": "representative.party",
    "fields": {
      "acronym": "ndp",
      "url": "http://ndp.ge"
    }
  },
  {
    "pk": 141,
    "model": "representative.party",
    "fields": {
      "acronym": "republicans",
      "url": "http://republicans.ge"
    }
  },
  {
    "pk": 142,
    "model": "representative.party",
    "fields": {
      "acronym": "unc",
      "url": ""
    }
  },
  {
    "pk": 143,
    "model": "representative.party",
    "fields": {
      "acronym": "unm",
      "url": "http://unm.ge"
    }
  },
  {
    "pk": 144,
    "model": "representative.party",
    "fields": {
      "acronym": "unknown",
      "url": ""
    }
  },
  {
    "pk": 1,
    "model": "representative.unit",
    "fields": {
      "parties": [
        138,
        139,
        140,
        141,
        142,
        143,
        144
      ],
      "name_en": "Parliament of Georgia",
      "name_ka": "\u10e1\u10d0\u10e5\u10d0\u10e0\u10d7\u10d5\u10d4\u10da\u10dd\u10e1 \u10de\u10d0\u10e0\u10da\u10d0\u10db\u10d4\u10dc\u10e2\u10d8",
      "name": "Parliament of Georgia",
      "short": "parliament"
    }
  },
  {
    "pk": 3,
    "model": "representative.unit",
    "fields": {
      "parties": [
        160,
        138,
        139,
        140,
        141,
        162,
        142,
        143,
        144
      ],
      "name_en": "Ajaran Supreme Council",
      "name_ka": "\u10d0\u10ed\u10d0\u10e0\u10d8\u10e1 \u10e3\u10db\u10d0\u10e6\u10da\u10d4\u10e1\u10d8 \u10e1\u10d0\u10d1\u10ed\u10dd",
      "name": "Ajaran Supreme Council",
      "short": "ajara"
    }
  },
  {
    "pk": 2,
    "model": "representative.unit",
    "fields": {
      "parties": [
        160,
        138,
        139,
        140,
        141,
        162,
        142,
        143,
        144
      ],
      "name_en": "Tbilisi City Assembly",
      "name_ka": "\u10d7\u10d1\u10d8\u10da\u10d8\u10e1\u10d8\u10e1 \u10e1\u10d0\u10d9\u10e0\u10d4\u10d1\u10e3\u10da\u10dd",
      "name": "Tbilisi City Assembly",
      "short": "tbilisi"
    }
  },
  {
    "pk": 1,
    "model": "representative.attendance",
    "fields": {
      "absent": 1,
      "attended": 4,
      "group": 0,
      "percentage_attended": 80,
      "percentage_absent": 20,
      "representative": 1,
      "total": 5
    }
  },
  {
    "pk": 2,
    "model": "representative.attendance",
    "fields": {
      "absent": 0,
      "attended": 0,
      "group": 0,
      "percentage_attended": 0,
      "percentage_absent": 100,
      "representative": 2,
      "total": 0
    }
  },
  {
    "pk": 3,
    "model": "representative.attendance",
    "fields": {
      "absent": 0,
      "attended": 0,
      "group": 0,
      "percentage_attended": 0,
      "percentage_absent": 100,
      "representative": 3,
      "total": 0
    }
  },
  {
    "pk": 4,
    "model": "representative.attendance",
    "fields": {
      "absent": 0,
      "attended": 0,
      "group": 0,
      "percentage_attended": 0,
      "percentage_absent": 100,
      "representative": 4,
      "total": 0
    }
  },
  {
    "pk": 5,
    "model": "representative.attendance",
    "fields": {
      "absent": 0,
      "attended": 0,
      "group": 0,
      "percentage_attended": 0,
      "percentage_absent": 100,
      "representative": 5,
      "total": 0
    }
  },
  {
    "pk": 6,
    "model": "representative.attendance",
    "fields": {
      "absent": 0,
      "attended": 0,
      "group": 0,
      "percentage_attended": 0,
      "percentage_absent": 100,
      "representative": 6,
      "total": 0
    }
  },
  {
    "pk": 7,
    "model": "representative.attendance",
    "fields": {
      "absent": 0,
      "attended": 0,
      "group": 0,
      "percentage_attended": 0,
      "percentage_absent": 100,
      "representative": 7,
      "total": 0
    }
  },
  {
    "pk": 8,
    "model": "representative.attendance",
    "fields": {
      "absent": 0,
      "attended": 0,
      "group": 0,
      "percentage_attended": 0,
      "percentage_absent": 100,
      "representative": 8,
      "total": 0
    }
  },
  {
    "pk": 9,
    "model": "representative.attendance",
    "fields": {
      "absent": 0,
      "attended": 0,
      "group": 0,
      "percentage_attended": 0,
      "percentage_absent": 100,
      "representative": 9,
      "total": 0
    }
  },
  {
    "pk": 13,
    "model": "representative.attendance",
    "fields": {
      "absent": 0,
      "attended": 0,
      "group": 0,
      "percentage_attended": 0,
      "percentage_absent": 100,
      "representative": 13,
      "total": 0
    }
  }
]
