[{"pk": 1, "model": "cms.placeholder", "fields": {"slot": "template_1_content", "default_width": null}}, {"pk": 2, "model": "cms.placeholder", "fields": {"slot": "base_content", "default_width": null}}, {"pk": 3, "model": "cms.placeholder", "fields": {"slot": "template_1_content", "default_width": null}}, {"pk": 4, "model": "cms.placeholder", "fields": {"slot": "base_content", "default_width": null}}, {"pk": 9, "model": "cms.placeholder", "fields": {"slot": "template_1_content", "default_width": null}}, {"pk": 10, "model": "cms.placeholder", "fields": {"slot": "base_content", "default_width": null}}, {"pk": 13, "model": "cms.placeholder", "fields": {"slot": "template_1_content", "default_width": null}}, {"pk": 14, "model": "cms.placeholder", "fields": {"slot": "base_content", "default_width": null}}, {"pk": 15, "model": "cms.placeholder", "fields": {"slot": "template_1_content", "default_width": null}}, {"pk": 16, "model": "cms.placeholder", "fields": {"slot": "base_content", "default_width": null}}, {"pk": 21, "model": "cms.placeholder", "fields": {"slot": "template_1_content", "default_width": null}}, {"pk": 22, "model": "cms.placeholder", "fields": {"slot": "base_content", "default_width": null}}, {"pk": 23, "model": "cms.placeholder", "fields": {"slot": "simple_content", "default_width": null}}, {"pk": 24, "model": "cms.placeholder", "fields": {"slot": "simple_content", "default_width": null}}, {"pk": 25, "model": "cms.placeholder", "fields": {"slot": "simple_content", "default_width": null}}, {"pk": 26, "model": "cms.placeholder", "fields": {"slot": "simple_content", "default_width": null}}, {"pk": 27, "model": "cms.placeholder", "fields": {"slot": "simple_content", "default_width": null}}, {"pk": 28, "model": "cms.placeholder", "fields": {"slot": "simple_content", "default_width": null}}, {"pk": 29, "model": "cms.placeholder", "fields": {"slot": "simple_content", "default_width": null}}, {"pk": 30, "model": "cms.placeholder", "fields": {"slot": "simple_content", "default_width": null}}, {"pk": 33, "model": "cms.placeholder", "fields": {"slot": "column_1", "default_width": null}}, {"pk": 34, "model": "cms.placeholder", "fields": {"slot": "column_2", "default_width": null}}, {"pk": 35, "model": "cms.placeholder", "fields": {"slot": "column_3", "default_width": null}}, {"pk": 36, "model": "cms.placeholder", "fields": {"slot": "simple_content", "default_width": null}}, {"pk": 1, "model": "cms.cmsplugin", "fields": {"rght": 2, "parent": null, "language": "en", "level": 0, "creation_date": "2012-03-21 12:48:40", "lft": 1, "tree_id": 1, "position": 0, "placeholder": 1, "plugin_type": "TextPlugin"}}, {"pk": 2, "model": "cms.cmsplugin", "fields": {"rght": 2, "parent": null, "language": "en", "level": 0, "creation_date": "2012-03-21 17:05:27", "lft": 1, "tree_id": 2, "position": 0, "placeholder": 3, "plugin_type": "TextPlugin"}}, {"pk": 5, "model": "cms.cmsplugin", "fields": {"rght": 2, "parent": null, "language": "en", "level": 0, "creation_date": "2012-03-21 18:15:28", "lft": 1, "tree_id": 3, "position": 0, "placeholder": 24, "plugin_type": "TextPlugin"}}, {"pk": 31, "model": "cms.cmsplugin", "fields": {"rght": 2, "parent": null, "language": "ka", "level": 0, "creation_date": "2012-03-26 15:59:44", "lft": 1, "tree_id": 14, "position": 1, "placeholder": 23, "plugin_type": "VotingRecordPlugin"}}, {"pk": 36, "model": "cms.cmsplugin", "fields": {"rght": 2, "parent": null, "language": "en", "level": 0, "creation_date": "2012-03-28 17:49:54", "lft": 1, "tree_id": 17, "position": 0, "placeholder": 35, "plugin_type": "TextPlugin"}}, {"pk": 18, "model": "cms.cmsplugin", "fields": {"rght": 2, "parent": null, "language": "en", "level": 0, "creation_date": "2012-03-22 15:15:24", "lft": 1, "tree_id": 6, "position": 0, "placeholder": 26, "plugin_type": "TextPlugin"}}, {"pk": 26, "model": "cms.cmsplugin", "fields": {"rght": 2, "parent": null, "language": "ka", "level": 0, "creation_date": "2012-03-23 13:13:32", "lft": 1, "tree_id": 12, "position": 0, "placeholder": 23, "plugin_type": "TextPlugin"}}, {"pk": 40, "model": "cms.cmsplugin", "fields": {"rght": 2, "parent": null, "language": "en", "level": 0, "creation_date": "2012-05-03 10:55:02", "lft": 1, "tree_id": 19, "position": 0, "placeholder": 33, "plugin_type": "WhoPlugin"}}, {"pk": 41, "model": "cms.cmsplugin", "fields": {"rght": 2, "parent": null, "language": "en", "level": 0, "creation_date": "2012-05-03 10:57:11", "lft": 1, "tree_id": 20, "position": 1, "placeholder": 33, "plugin_type": "IncomeDeclarationPlugin"}}, {"pk": 42, "model": "cms.cmsplugin", "fields": {"rght": 2, "parent": null, "language": "en", "level": 0, "creation_date": "2012-05-03 10:57:19", "lft": 1, "tree_id": 21, "position": 0, "placeholder": 34, "plugin_type": "VotingRecordPlugin"}}, {"pk": 1, "model": "cms.page", "fields": {"rght": 12, "navigation_extenders": "", "site": 1, "creation_date": "2012-03-21 12:46:05", "lft": 1, "in_navigation": false, "reverse_id": null, "login_required": false, "created_by": "admin", "publication_end_date": null, "moderator_state": 0, "template": "3col.html", "tree_id": 1, "placeholders": [1, 2, 23, 33, 34, 35], "changed_date": "2012-03-29 12:13:21", "limit_visibility_in_menu": null, "parent": null, "publisher_state": 1, "soft_root": false, "publication_date": "2012-03-21 12:46:14", "publisher_public": null, "level": 0, "changed_by": "admin", "publisher_is_draft": true, "published": true}}, {"pk": 5, "model": "cms.page", "fields": {"rght": 5, "navigation_extenders": "", "site": 1, "creation_date": "2012-03-21 17:19:34", "lft": 2, "in_navigation": true, "reverse_id": null, "login_required": false, "created_by": "admin", "publication_end_date": null, "moderator_state": 0, "template": "simple.html", "tree_id": 1, "placeholders": [9, 10, 26], "changed_date": "2012-03-28 17:18:43", "limit_visibility_in_menu": null, "parent": 1, "publisher_state": 1, "soft_root": false, "publication_date": "2012-03-21 17:19:41", "publisher_public": null, "level": 1, "changed_by": "admin", "publisher_is_draft": true, "published": true}}, {"pk": 16, "model": "cms.page", "fields": {"rght": 4, "navigation_extenders": "", "site": 1, "creation_date": "2012-03-29 15:54:30", "lft": 3, "in_navigation": true, "reverse_id": null, "login_required": false, "created_by": "admin", "publication_end_date": null, "moderator_state": 0, "template": "simple.html", "tree_id": 1, "placeholders": [36], "changed_date": "2012-05-03 08:58:20", "limit_visibility_in_menu": null, "parent": 5, "publisher_state": 1, "soft_root": false, "publication_date": "2012-03-29 15:54:36", "publisher_public": null, "level": 2, "changed_by": "admin", "publisher_is_draft": true, "published": true}}, {"pk": 7, "model": "cms.page", "fields": {"rght": 9, "navigation_extenders": "", "site": 1, "creation_date": "2012-03-21 17:20:07", "lft": 6, "in_navigation": true, "reverse_id": null, "login_required": false, "created_by": "admin", "publication_end_date": null, "moderator_state": 0, "template": "simple.html", "tree_id": 1, "placeholders": [13, 14, 27], "changed_date": "2012-03-22 15:24:25", "limit_visibility_in_menu": null, "parent": 1, "publisher_state": 1, "soft_root": false, "publication_date": "2012-03-21 17:19:41", "publisher_public": null, "level": 1, "changed_by": "admin", "publisher_is_draft": true, "published": true}}, {"pk": 13, "model": "cms.page", "fields": {"rght": 8, "navigation_extenders": "", "site": 1, "creation_date": "2012-03-23 12:53:56", "lft": 7, "in_navigation": true, "reverse_id": null, "login_required": false, "created_by": "admin", "publication_end_date": null, "moderator_state": 0, "template": "simple.html", "tree_id": 1, "placeholders": [30], "changed_date": "2012-03-23 16:48:31", "limit_visibility_in_menu": null, "parent": 7, "publisher_state": 1, "soft_root": false, "publication_date": "2012-03-23 12:54:54", "publisher_public": null, "level": 2, "changed_by": "admin", "publisher_is_draft": true, "published": true}}, {"pk": 8, "model": "cms.page", "fields": {"rght": 11, "navigation_extenders": "", "site": 1, "creation_date": "2012-03-21 17:20:38", "lft": 10, "in_navigation": true, "reverse_id": null, "login_required": false, "created_by": "admin", "publication_end_date": null, "moderator_state": 0, "template": "simple.html", "tree_id": 1, "placeholders": [15, 16, 25], "changed_date": "2012-03-22 15:24:35", "limit_visibility_in_menu": null, "parent": 1, "publisher_state": 1, "soft_root": false, "publication_date": "2012-03-21 17:20:46", "publisher_public": null, "level": 1, "changed_by": "admin", "publisher_is_draft": true, "published": true}}, {"pk": 11, "model": "cms.page", "fields": {"rght": 6, "navigation_extenders": "", "site": 1, "creation_date": "2012-03-21 17:52:52", "lft": 1, "in_navigation": false, "reverse_id": "meta", "login_required": false, "created_by": "admin", "publication_end_date": null, "moderator_state": 0, "template": "simple.html", "tree_id": 2, "placeholders": [21, 22, 28], "changed_date": "2012-03-22 16:51:38", "limit_visibility_in_menu": null, "parent": null, "publisher_state": 1, "soft_root": false, "publication_date": "2012-03-21 17:53:10", "publisher_public": null, "level": 0, "changed_by": "admin", "publisher_is_draft": true, "published": true}}, {"pk": 2, "model": "cms.page", "fields": {"rght": 3, "navigation_extenders": "", "site": 1, "creation_date": "2012-03-21 17:04:20", "lft": 2, "in_navigation": true, "reverse_id": null, "login_required": false, "created_by": "admin", "publication_end_date": null, "moderator_state": 0, "template": "simple.html", "tree_id": 2, "placeholders": [3, 4, 24], "changed_date": "2012-03-22 16:52:47", "limit_visibility_in_menu": null, "parent": 11, "publisher_state": 1, "soft_root": false, "publication_date": "2012-03-21 17:04:45", "publisher_public": null, "level": 1, "changed_by": "admin", "publisher_is_draft": true, "published": true}}, {"pk": 12, "model": "cms.page", "fields": {"rght": 5, "navigation_extenders": "", "site": 1, "creation_date": "2012-03-22 16:42:36", "lft": 4, "in_navigation": true, "reverse_id": null, "login_required": false, "created_by": "admin", "publication_end_date": null, "moderator_state": 0, "template": "simple.html", "tree_id": 2, "placeholders": [29], "changed_date": "2012-03-23 13:03:53", "limit_visibility_in_menu": null, "parent": 11, "publisher_state": 1, "soft_root": false, "publication_date": "2012-03-22 16:43:58", "publisher_public": null, "level": 1, "changed_by": "admin", "publisher_is_draft": true, "published": true}}, {"pk": 4, "model": "cms.pagemoderatorstate", "fields": {"action": "CHA", "message": "Page was copied.", "created": "2012-03-21 17:20:07", "page": 7, "user": 1}}, {"pk": 19, "model": "cms.title", "fields": {"menu_title": "", "redirect": "", "meta_keywords": "", "page_title": "", "language": "en", "title": "Search", "has_url_overwrite": true, "application_urls": "HaystackSearchApphook", "creation_date": "2012-03-22 16:42:37", "page": 12, "path": "search", "meta_description": "", "slug": "search"}}, {"pk": 20, "model": "cms.title", "fields": {"menu_title": "", "redirect": "", "meta_keywords": "", "page_title": "", "language": "ka", "title": "Suche", "has_url_overwrite": true, "application_urls": "HaystackSearchApphook", "creation_date": "2012-03-22 16:43:19", "page": 12, "path": "suche", "meta_description": "", "slug": "suche"}}, {"pk": 18, "model": "cms.title", "fields": {"menu_title": "", "redirect": null, "meta_keywords": "", "page_title": "", "language": "ka", "title": "meta", "has_url_overwrite": false, "application_urls": null, "creation_date": "2012-03-22 15:25:48", "page": 11, "path": "meta", "meta_description": "", "slug": "meta"}}, {"pk": 1, "model": "cms.title", "fields": {"menu_title": "", "redirect": "", "meta_keywords": "", "page_title": "", "language": "en", "title": "Home", "has_url_overwrite": false, "application_urls": "", "creation_date": "2012-03-21 12:46:05", "page": 1, "path": "", "meta_description": "", "slug": "home"}}, {"pk": 7, "model": "cms.title", "fields": {"menu_title": "", "redirect": "", "meta_keywords": "", "page_title": "", "language": "en", "title": "Who", "has_url_overwrite": false, "application_urls": "WhoApp", "creation_date": "2012-03-21 17:19:34", "page": 5, "path": "who", "meta_description": "", "slug": "who"}}, {"pk": 14, "model": "cms.title", "fields": {"menu_title": "", "redirect": null, "meta_keywords": "", "page_title": "", "language": "ka", "title": "Wer", "has_url_overwrite": false, "application_urls": null, "creation_date": "2012-03-22 15:23:03", "page": 5, "path": "wer", "meta_description": "", "slug": "wer"}}, {"pk": 9, "model": "cms.title", "fields": {"menu_title": "", "redirect": "", "meta_keywords": "", "page_title": "", "language": "en", "title": "What", "has_url_overwrite": false, "application_urls": "", "creation_date": "2012-03-21 17:19:34", "page": 7, "path": "what", "meta_description": "", "slug": "what"}}, {"pk": 15, "model": "cms.title", "fields": {"menu_title": "", "redirect": null, "meta_keywords": "", "page_title": "", "language": "ka", "title": "Was", "has_url_overwrite": false, "application_urls": null, "creation_date": "2012-03-22 15:24:25", "page": 7, "path": "was", "meta_description": "", "slug": "was"}}, {"pk": 22, "model": "cms.title", "fields": {"menu_title": "", "redirect": "", "meta_keywords": "", "page_title": "", "language": "ka", "title": "Abstimmregister", "has_url_overwrite": false, "application_urls": "", "creation_date": "2012-03-23 13:05:22", "page": 13, "path": "was/abstimmung", "meta_description": "", "slug": "abstimmung"}}, {"pk": 13, "model": "cms.title", "fields": {"menu_title": "", "redirect": "", "meta_keywords": "", "page_title": "", "language": "en", "title": "meta", "has_url_overwrite": false, "application_urls": "", "creation_date": "2012-03-21 17:52:52", "page": 11, "path": "meta", "meta_description": "", "slug": "meta"}}, {"pk": 3, "model": "cms.title", "fields": {"menu_title": "", "redirect": "", "meta_keywords": "", "page_title": "", "language": "en", "title": "About", "has_url_overwrite": true, "application_urls": "", "creation_date": "2012-03-21 17:04:20", "page": 2, "path": "about", "meta_description": "", "slug": "about"}}, {"pk": 17, "model": "cms.title", "fields": {"menu_title": "", "redirect": "", "meta_keywords": "", "page_title": "", "language": "ka", "title": "Uber", "has_url_overwrite": true, "application_urls": "", "creation_date": "2012-03-22 15:24:41", "page": 2, "path": "uber", "meta_description": "", "slug": "uber"}}, {"pk": 21, "model": "cms.title", "fields": {"menu_title": "", "redirect": "", "meta_keywords": "", "page_title": "", "language": "en", "title": "Voting Records", "has_url_overwrite": false, "application_urls": "VotingRecordApp", "creation_date": "2012-03-23 12:53:56", "page": 13, "path": "what/voting", "meta_description": "", "slug": "voting"}}, {"pk": 10, "model": "cms.title", "fields": {"menu_title": "", "redirect": "", "meta_keywords": "", "page_title": "", "language": "en", "title": "Ask", "has_url_overwrite": false, "application_urls": "", "creation_date": "2012-03-21 17:20:38", "page": 8, "path": "ask", "meta_description": "", "slug": "ask"}}, {"pk": 16, "model": "cms.title", "fields": {"menu_title": "", "redirect": null, "meta_keywords": "", "page_title": "", "language": "ka", "title": "Frage", "has_url_overwrite": false, "application_urls": null, "creation_date": "2012-03-22 15:24:35", "page": 8, "path": "frage", "meta_description": "", "slug": "frage"}}, {"pk": 2, "model": "cms.title", "fields": {"menu_title": "", "redirect": "", "meta_keywords": "", "page_title": "", "language": "ka", "title": "Heim", "has_url_overwrite": false, "application_urls": "", "creation_date": "2012-03-21 13:07:47", "page": 1, "path": "", "meta_description": "", "slug": "heim"}}, {"pk": 25, "model": "cms.title", "fields": {"menu_title": "", "redirect": "", "meta_keywords": "", "page_title": "", "language": "en", "title": "Income Declarations", "has_url_overwrite": false, "application_urls": "IncomeDeclarationApp", "creation_date": "2012-03-29 15:54:30", "page": 16, "path": "who/income", "meta_description": "", "slug": "income"}}]